time,count
2015-01-01 01,71963
2015-01-01 02,68162
2015-01-01 03,64051
2015-01-01 04,58666
2015-01-01 05,55929
2015-01-01 06,50888
2015-01-01 07,47217
2015-01-01 08,42193
2015-01-01 09,36183
2015-01-01 10,31121
2015-01-01 11,27793
2015-01-01 12,26788
2015-01-01 13,27826
2015-01-01 14,32140
2015-01-01 15,40522
2015-01-01 16,49429
2015-01-01 17,62273
2015-01-01 18,72874
2015-01-01 19,84459
2015-01-01 20,86136
2015-01-01 21,86400
2015-01-01 22,86293
2015-01-01 23,83128
2015-01-02 00,84063
2015-01-02 01,83522
2015-01-02 02,90587
2015-01-02 03,84160
2015-01-02 04,83863
2015-01-02 05,82625
2015-01-02 06,84011
2015-01-02 07,65738
2015-01-02 08,51506
2015-01-02 09,43393
2015-01-02 10,38137
2015-01-02 11,33916
2015-01-02 12,32395
2015-01-02 13,35577
2015-01-02 14,43872
2015-01-02 15,56457
2015-01-02 16,70694
2015-01-02 17,82415
2015-01-02 18,89203
2015-01-02 19,92823
2015-01-02 20,95044
2015-01-02 21,94067
2015-01-02 22,91835
2015-01-02 23,88386
2015-01-03 00,87185
2015-01-03 01,82633
2015-01-03 02,81355
2015-01-03 03,79503
2015-01-03 04,78369
2015-01-03 05,75903
2015-01-03 06,71970
2015-01-03 07,62128
2015-01-03 08,51739
2015-01-03 09,42525
2015-01-03 10,35925
2015-01-03 11,31703
2015-01-03 12,29749
2015-01-03 13,31418
2015-01-03 14,37169
2015-01-03 15,44610
2015-01-03 16,56105
2015-01-03 17,68898
2015-01-03 18,77613
2015-01-03 19,82293
2015-01-03 20,84055
2015-01-03 21,83425
2015-01-03 22,83681
2015-01-03 23,87928
2015-01-04 00,87248
2015-01-04 01,90388
2015-01-04 02,87775
2015-01-04 03,87327
2015-01-04 04,90298
2015-01-04 05,84882
2015-01-04 06,76710
2015-01-04 07,68963
2015-01-04 08,55887
2015-01-04 09,46465
2015-01-04 10,38130
2015-01-04 11,34605
2015-01-04 12,31791
2015-01-04 13,32395
2015-01-04 14,37155
2015-01-04 15,46065
2015-01-04 16,57286
2015-01-04 17,71529
2015-01-04 18,85768
2015-01-04 19,92914
2015-01-04 20,94439
2015-01-04 21,94910
2015-01-04 22,95246
2015-01-04 23,91145
2015-01-05 00,88469
2015-01-05 01,77066
2015-01-05 02,91240
2015-01-05 03,90339
2015-01-05 04,88097
2015-01-05 05,80619
2015-01-05 06,70720
2015-01-05 07,59308
2015-01-05 08,49571
2015-01-05 09,41453
2015-01-05 10,34388
2015-01-05 11,32762
2015-01-05 12,34644
2015-01-05 13,39650
2015-01-05 14,47695
2015-01-05 15,60431
2015-01-05 16,72400
2015-01-05 17,84637
2015-01-05 18,90687
2015-01-05 19,96631
2015-01-05 20,98519
2015-01-05 21,98717
2015-01-05 22,95068
2015-01-05 23,97110
2015-01-06 00,93215
2015-01-06 01,92164
2015-01-06 02,95563
2015-01-06 03,97558
2015-01-06 04,93527
2015-01-06 05,84440
2015-01-06 06,71726
2015-01-06 07,59106
2015-01-06 08,47626
2015-01-06 09,41083
2015-01-06 10,34979
2015-01-06 11,32238
2015-01-06 12,35115
2015-01-06 13,40896
2015-01-06 14,52330
2015-01-06 15,68336
2015-01-06 16,82523
2015-01-06 17,92954
2015-01-06 18,97985
2015-01-06 19,102049
2015-01-06 20,102828
2015-01-06 21,103686
2015-01-06 22,105562
2015-01-06 23,100709
2015-01-07 00,93935
2015-01-07 01,91939
2015-01-07 02,93182
2015-01-07 03,92344
2015-01-07 04,89149
2015-01-07 05,81288
2015-01-07 06,70478
2015-01-07 07,59515
2015-01-07 08,47784
2015-01-07 09,39966
2015-01-07 10,34437
2015-01-07 11,31921
2015-01-07 12,34706
2015-01-07 13,43372
2015-01-07 14,54767
2015-01-07 15,70080
2015-01-07 16,84925
2015-01-07 17,95991
2015-01-07 18,100858
2015-01-07 19,105339
2015-01-07 20,108249
2015-01-07 21,108002
2015-01-07 22,107278
2015-01-07 23,100194
2015-01-08 00,96504
2015-01-08 01,92983
2015-01-08 02,90063
2015-01-08 03,90013
2015-01-08 04,89701
2015-01-08 05,83911
2015-01-08 06,74426
2015-01-08 07,60745
2015-01-08 08,49302
2015-01-08 09,41389
2015-01-08 10,36156
2015-01-08 11,33569
2015-01-08 12,34870
2015-01-08 13,42350
2015-01-08 14,54384
2015-01-08 15,72009
2015-01-08 16,84048
2015-01-08 17,96070
2015-01-08 18,101957
2015-01-08 19,102939
2015-01-08 20,102485
2015-01-08 21,104144
2015-01-08 22,103619
2015-01-08 23,96728
2015-01-09 00,90870
2015-01-09 01,90899
2015-01-09 02,90551
2015-01-09 03,90903
2015-01-09 04,89724
2015-01-09 05,81493
2015-01-09 06,73226
2015-01-09 07,60104
2015-01-09 08,48755
2015-01-09 09,41449
2015-01-09 10,37277
2015-01-09 11,34672
2015-01-09 12,34876
2015-01-09 13,42113
2015-01-09 14,54561
2015-01-09 15,70594
2015-01-09 16,87719
2015-01-09 17,98120
2015-01-09 18,103025
2015-01-09 19,103307
2015-01-09 20,103174
2015-01-09 21,102344
2015-01-09 22,100404
2015-01-09 23,94272
2015-01-10 00,89297
2015-01-10 01,86211
2015-01-10 02,82611
2015-01-10 03,78803
2015-01-10 04,75489
2015-01-10 05,71873
2015-01-10 06,65713
2015-01-10 07,55162
2015-01-10 08,45790
2015-01-10 09,36919
2015-01-10 10,32435
2015-01-10 11,30801
2015-01-10 12,29817
2015-01-10 13,33160
2015-01-10 14,40354
2015-01-10 15,50499
2015-01-10 16,62576
2015-01-10 17,74656
2015-01-10 18,79992
2015-01-10 19,85440
2015-01-10 20,84930
2015-01-10 21,82939
2015-01-10 22,87442
2015-01-10 23,92243
2015-01-11 00,90252
2015-01-11 01,91045
2015-01-11 02,87384
2015-01-11 03,85303
2015-01-11 04,82589
2015-01-11 05,76178
2015-01-11 06,67640
2015-01-11 07,57895
2015-01-11 08,48400
2015-01-11 09,41274
2015-01-11 10,35160
2015-01-11 11,31381
2015-01-11 12,30483
2015-01-11 13,32252
2015-01-11 14,39927
2015-01-11 15,50775
2015-01-11 16,62832
2015-01-11 17,74227
2015-01-11 18,84554
2015-01-11 19,96799
2015-01-11 20,99411
2015-01-11 21,103593
2015-01-11 22,102179
2015-01-11 23,95953
2015-01-12 00,93074
2015-01-12 01,93294
2015-01-12 02,84653
2015-01-12 03,83507
2015-01-12 04,81545
2015-01-12 05,77210
2015-01-12 06,70032
2015-01-12 07,56775
2015-01-12 08,47012
2015-01-12 09,38871
2015-01-12 10,33133
2015-01-12 11,31359
2015-01-12 12,33860
2015-01-12 13,39709
2015-01-12 14,51613
2015-01-12 15,64033
2015-01-12 16,77955
2015-01-12 17,86812
2015-01-12 18,94232
2015-01-12 19,98789
2015-01-12 20,100949
2015-01-12 21,101085
2015-01-12 22,100749
2015-01-12 23,93404
2015-01-13 00,91883
2015-01-13 01,89751
2015-01-13 02,94752
2015-01-13 03,99409
2015-01-13 04,95297
2015-01-13 05,85490
2015-01-13 06,75733
2015-01-13 07,59881
2015-01-13 08,47681
2015-01-13 09,39966
2015-01-13 10,35010
2015-01-13 11,32934
2015-01-13 12,35353
2015-01-13 13,42655
2015-01-13 14,54860
2015-01-13 15,70080
2015-01-13 16,83469
2015-01-13 17,93991
2015-01-13 18,99630
2015-01-13 19,102912
2015-01-13 20,107059
2015-01-13 21,113258
2015-01-13 22,111672
2015-01-13 23,108946
2015-01-14 00,98506
2015-01-14 01,93640
2015-01-14 02,92139
2015-01-14 03,93558
2015-01-14 04,87873
2015-01-14 05,80139
2015-01-14 06,69077
2015-01-14 07,55441
2015-01-14 08,46314
2015-01-14 09,38910
2015-01-14 10,33844
2015-01-14 11,32075
2015-01-14 12,35124
2015-01-14 13,42168
2015-01-14 14,55407
2015-01-14 15,72264
2015-01-14 16,87045
2015-01-14 17,97198
2015-01-14 18,102967
2015-01-14 19,106213
2015-01-14 20,105433
2015-01-14 21,108824
2015-01-14 22,107015
2015-01-14 23,101312
2015-01-15 00,94071
2015-01-15 01,89337
2015-01-15 02,86807
2015-01-15 03,87428
2015-01-15 04,87501
2015-01-15 05,79142
2015-01-15 06,69552
2015-01-15 07,56362
2015-01-15 08,45352
2015-01-15 09,38328
2015-01-15 10,33513
2015-01-15 11,31435
2015-01-15 12,34524
2015-01-15 13,42645
2015-01-15 14,55732
2015-01-15 15,72737
2015-01-15 16,86606
2015-01-15 17,98334
2015-01-15 18,103727
2015-01-15 19,105663
2015-01-15 20,106501
2015-01-15 21,109213
2015-01-15 22,108962
2015-01-15 23,102396
2015-01-16 00,94856
2015-01-16 01,90485
2015-01-16 02,89751
2015-01-16 03,91539
2015-01-16 04,90731
2015-01-16 05,82733
2015-01-16 06,71772
2015-01-16 07,59341
2015-01-16 08,48695
2015-01-16 09,40317
2015-01-16 10,35983
2015-01-16 11,33883
2015-01-16 12,35228
2015-01-16 13,43250
2015-01-16 14,56788
2015-01-16 15,74218
2015-01-16 16,90536
2015-01-16 17,101924
2015-01-16 18,105932
2015-01-16 19,102853
2015-01-16 20,103057
2015-01-16 21,102514
2015-01-16 22,99730
2015-01-16 23,92295
2015-01-17 00,86960
2015-01-17 01,82381
2015-01-17 02,79651
2015-01-17 03,77881
2015-01-17 04,74705
2015-01-17 05,69498
2015-01-17 06,64470
2015-01-17 07,53581
2015-01-17 08,42953
2015-01-17 09,35940
2015-01-17 10,31806
2015-01-17 11,29683
2015-01-17 12,29781
2015-01-17 13,32652
2015-01-17 14,39520
2015-01-17 15,51338
2015-01-17 16,63606
2015-01-17 17,74434
2015-01-17 18,79779
2015-01-17 19,79985
2015-01-17 20,79320
2015-01-17 21,79347
2015-01-17 22,78049
2015-01-17 23,76892
2015-01-18 00,76152
2015-01-18 01,76041
2015-01-18 02,74964
2015-01-18 03,74515
2015-01-18 04,72041
2015-01-18 05,67909
2015-01-18 06,62272
2015-01-18 07,55061
2015-01-18 08,46589
2015-01-18 09,38383
2015-01-18 10,33002
2015-01-18 11,30933
2015-01-18 12,31073
2015-01-18 13,31960
2015-01-18 14,37509
2015-01-18 15,47637
2015-01-18 16,59143
2015-01-18 17,72835
2015-01-18 18,82731
2015-01-18 19,84895
2015-01-18 20,86858
2015-01-18 21,97425
2015-01-18 22,102245
2015-01-18 23,99584
2015-01-19 00,90645
2015-01-19 01,91913
2015-01-19 02,88925
2015-01-19 03,93271
2015-01-19 04,86343
2015-01-19 05,81020
2015-01-19 06,72396
2015-01-19 07,61481
2015-01-19 08,51554
2015-01-19 09,43045
2015-01-19 10,37115
2015-01-19 11,34088
2015-01-19 12,33489
2015-01-19 13,38491
2015-01-19 14,48872
2015-01-19 15,62758
2015-01-19 16,78306
2015-01-19 17,91294
2015-01-19 18,97673
2015-01-19 19,103652
2015-01-19 20,105647
2015-01-19 21,106014
2015-01-19 22,109396
2015-01-19 23,99867
2015-01-20 00,99180
2015-01-20 01,94135
2015-01-20 02,95438
2015-01-20 03,94862
2015-01-20 04,91442
2015-01-20 05,82934
2015-01-20 06,73555
2015-01-20 07,59429
2015-01-20 08,48533
2015-01-20 09,40795
2015-01-20 10,36111
2015-01-20 11,33087
2015-01-20 12,34949
2015-01-20 13,42179
2015-01-20 14,54216
2015-01-20 15,68481
2015-01-20 16,82713
2015-01-20 17,93230
2015-01-20 18,98168
2015-01-20 19,102108
2015-01-20 20,104961
2015-01-20 21,108395
2015-01-20 22,110378
2015-01-20 23,103230
2015-01-21 00,95274
2015-01-21 01,92767
2015-01-21 02,94059
2015-01-21 03,94575
2015-01-21 04,94013
2015-01-21 05,86581
2015-01-21 06,75641
2015-01-21 07,61138
2015-01-21 08,50114
2015-01-21 09,41301
2015-01-21 10,36221
2015-01-21 11,34555
2015-01-21 12,37116
2015-01-21 13,44366
2015-01-21 14,59123
2015-01-21 15,74650
2015-01-21 16,90966
2015-01-21 17,103369
2015-01-21 18,106678
2015-01-21 19,109409
2015-01-21 20,107374
2015-01-21 21,111582
2015-01-21 22,110667
2015-01-21 23,103780
2015-01-22 00,97906
2015-01-22 01,94671
2015-01-22 02,93038
2015-01-22 03,91155
2015-01-22 04,92133
2015-01-22 05,83919
2015-01-22 06,72724
2015-01-22 07,58503
2015-01-22 08,46427
2015-01-22 09,38393
2015-01-22 10,33442
2015-01-22 11,31624
2015-01-22 12,34495
2015-01-22 13,42617
2015-01-22 14,55796
2015-01-22 15,72191
2015-01-22 16,87370
2015-01-22 17,97426
2015-01-22 18,100717
2015-01-22 19,104397
2015-01-22 20,103798
2015-01-22 21,105667
2015-01-22 22,106662
2015-01-22 23,101533
2015-01-23 00,95664
2015-01-23 01,95607
2015-01-23 02,93801
2015-01-23 03,90815
2015-01-23 04,87618
2015-01-23 05,79940
2015-01-23 06,69919
2015-01-23 07,58108
2015-01-23 08,48197
2015-01-23 09,39182
2015-01-23 10,35440
2015-01-23 11,32657
2015-01-23 12,35643
2015-01-23 13,44067
2015-01-23 14,57675
2015-01-23 15,73710
2015-01-23 16,89794
2015-01-23 17,100403
2015-01-23 18,104333
2015-01-23 19,106575
2015-01-23 20,105084
2015-01-23 21,104739
2015-01-23 22,104436
2015-01-23 23,96086
2015-01-24 00,88394
2015-01-24 01,83856
2015-01-24 02,80431
2015-01-24 03,77621
2015-01-24 04,74004
2015-01-24 05,71678
2015-01-24 06,64803
2015-01-24 07,53638
2015-01-24 08,43725
2015-01-24 09,36408
2015-01-24 10,32082
2015-01-24 11,29953
2015-01-24 12,28717
2015-01-24 13,32467
2015-01-24 14,39346
2015-01-24 15,50799
2015-01-24 16,62855
2015-01-24 17,75476
2015-01-24 18,82484
2015-01-24 19,83503
2015-01-24 20,82385
2015-01-24 21,80491
2015-01-24 22,82586
2015-01-24 23,80480
2015-01-25 00,80766
2015-01-25 01,78364
2015-01-25 02,76937
2015-01-25 03,77401
2015-01-25 04,72652
2015-01-25 05,70429
2015-01-25 06,64064
2015-01-25 07,55640
2015-01-25 08,47177
2015-01-25 09,39673
2015-01-25 10,35149
2015-01-25 11,31648
2015-01-25 12,31148
2015-01-25 13,32925
2015-01-25 14,39639
2015-01-25 15,50203
2015-01-25 16,62711
2015-01-25 17,74543
2015-01-25 18,82171
2015-01-25 19,86769
2015-01-25 20,89687
2015-01-25 21,91579
2015-01-25 22,90221
2015-01-25 23,90654
2015-01-26 00,91038
2015-01-26 01,90377
2015-01-26 02,91805
2015-01-26 03,94011
2015-01-26 04,98948
2015-01-26 05,83441
2015-01-26 06,69764
2015-01-26 07,58320
2015-01-26 08,47794
2015-01-26 09,39073
2015-01-26 10,33646
2015-01-26 11,31077
2015-01-26 12,34662
2015-01-26 13,42423
2015-01-26 14,55016
2015-01-26 15,69596
2015-01-26 16,83940
2015-01-26 17,95053
2015-01-26 18,102203
2015-01-26 19,103967
2015-01-26 20,106126
2015-01-26 21,105790
2015-01-26 22,104255
2015-01-26 23,94444
2015-01-27 00,94848
2015-01-27 01,92738
2015-01-27 02,92087
2015-01-27 03,90301
2015-01-27 04,88010
2015-01-27 05,82021
2015-01-27 06,72033
2015-01-27 07,61818
2015-01-27 08,48496
2015-01-27 09,40228
2015-01-27 10,35240
2015-01-27 11,32846
2015-01-27 12,35444
2015-01-27 13,43486
2015-01-27 14,56862
2015-01-27 15,73364
2015-01-27 16,86350
2015-01-27 17,96686
2015-01-27 18,102592
2015-01-27 19,104197
2015-01-27 20,106165
2015-01-27 21,108543
2015-01-27 22,109594
2015-01-27 23,104299
2015-01-28 00,98247
2015-01-28 01,95084
2015-01-28 02,93971
2015-01-28 03,92679
2015-01-28 04,89365
2015-01-28 05,84587
2015-01-28 06,74743
2015-01-28 07,61202
2015-01-28 08,48298
2015-01-28 09,39577
2015-01-28 10,35313
2015-01-28 11,33885
2015-01-28 12,36619
2015-01-28 13,45034
2015-01-28 14,57732
2015-01-28 15,75544
2015-01-28 16,90441
2015-01-28 17,102475
2015-01-28 18,106765
2015-01-28 19,109122
2015-01-28 20,109888
2015-01-28 21,110525
2015-01-28 22,109942
2015-01-28 23,102917
2015-01-29 00,96921
2015-01-29 01,94884
2015-01-29 02,92230
2015-01-29 03,91973
2015-01-29 04,91552
2015-01-29 05,82357
2015-01-29 06,71263
2015-01-29 07,58049
2015-01-29 08,47333
2015-01-29 09,38848
2015-01-29 10,34073
2015-01-29 11,32792
2015-01-29 12,35552
2015-01-29 13,43708
2015-01-29 14,55423
2015-01-29 15,71595
2015-01-29 16,84851
2015-01-29 17,94682
2015-01-29 18,98706
2015-01-29 19,101522
2015-01-29 20,101904
2015-01-29 21,100150
2015-01-29 22,92315
2015-01-29 23,100083
2015-01-30 00,92803
2015-01-30 01,92391
2015-01-30 02,93070
2015-01-30 03,93350
2015-01-30 04,87367
2015-01-30 05,79994
2015-01-30 06,72250
2015-01-30 07,60589
2015-01-30 08,47060
2015-01-30 09,39350
2015-01-30 10,36217
2015-01-30 11,33330
2015-01-30 12,34889
2015-01-30 13,43923
2015-01-30 14,57460
2015-01-30 15,75805
2015-01-30 16,89137
2015-01-30 17,98614
2015-01-30 18,101808
2015-01-30 19,104907
2015-01-30 20,106042
2015-01-30 21,103766
2015-01-30 22,103124
2015-01-30 23,93775
2015-01-31 00,87754
2015-01-31 01,82674
2015-01-31 02,80166
2015-01-31 03,78779
2015-01-31 04,75629
2015-01-31 05,71226
2015-01-31 06,63085
2015-01-31 07,54061
2015-01-31 08,43990
2015-01-31 09,37304
2015-01-31 10,33076
2015-01-31 11,30801
2015-01-31 12,31206
2015-01-31 13,33328
2015-01-31 14,40677
2015-01-31 15,52147
2015-01-31 16,66239
2015-01-31 17,78265
2015-01-31 18,83444
2015-01-31 19,86745
2015-01-31 20,87446
2015-01-31 21,84399
2015-01-31 22,83212
2015-01-31 23,82430
2015-02-01 00,83648
