,date,turnover
0,01/12/2010 08,129237
1,01/12/2010 09,728455
2,01/12/2010 10,439224
3,01/12/2010 11,400142
4,01/12/2010 12,684831
5,01/12/2010 13,447512
6,01/12/2010 14,809237
7,01/12/2010 15,321178
8,01/12/2010 16,795930
9,01/12/2010 17,747882
10,02/12/2010 07,40580
11,02/12/2010 08,88291
12,02/12/2010 09,113769
13,02/12/2010 10,509923
14,02/12/2010 11,300309
15,02/12/2010 12,439665
16,02/12/2010 13,236018
17,02/12/2010 14,275003
18,02/12/2010 15,1230210
19,02/12/2010 16,452757
20,02/12/2010 17,375657
21,02/12/2010 18,215365
22,02/12/2010 19,48539
23,03/12/2010 09,139460
24,03/12/2010 10,160940
25,03/12/2010 11,1262291
26,03/12/2010 12,591823
27,03/12/2010 13,368951
28,03/12/2010 14,1399202
29,03/12/2010 15,110545
30,03/12/2010 16,82918
31,03/12/2010 17,240941
32,05/12/2010 10,264919
33,05/12/2010 11,436021
34,05/12/2010 12,621390
35,05/12/2010 13,534650
36,05/12/2010 14,240911
37,05/12/2010 15,481716
38,05/12/2010 16,209615
39,06/12/2010 08,73792
40,06/12/2010 09,956237
41,06/12/2010 10,964014
42,06/12/2010 11,474976
43,06/12/2010 12,526666
44,06/12/2010 13,526382
45,06/12/2010 14,171391
46,06/12/2010 15,273512
47,06/12/2010 16,870078
48,06/12/2010 17,62853
49,07/12/2010 08,-5695
50,07/12/2010 09,461486
51,07/12/2010 10,337488
52,07/12/2010 11,517967
53,07/12/2010 12,200702
54,07/12/2010 13,510974
55,07/12/2010 14,214824
56,07/12/2010 15,-1142513
57,07/12/2010 16,2590012
58,07/12/2010 17,17901
59,07/12/2010 18,497938
60,08/12/2010 08,51677
61,08/12/2010 09,228693
62,08/12/2010 10,463188
63,08/12/2010 11,171001
64,08/12/2010 12,821412
65,08/12/2010 13,540496
66,08/12/2010 14,923668
67,08/12/2010 15,532081
68,08/12/2010 16,319005
69,08/12/2010 17,14621
70,08/12/2010 18,0
71,09/12/2010 08,20196
72,09/12/2010 09,246057
73,09/12/2010 10,909337
74,09/12/2010 11,245015
75,09/12/2010 12,504879
76,09/12/2010 13,541824
77,09/12/2010 14,1139389
78,09/12/2010 15,165402
79,09/12/2010 16,981959
80,09/12/2010 17,42661
81,09/12/2010 18,36881
82,09/12/2010 19,62957
83,09/12/2010 20,27607
84,10/12/2010 09,920661
85,10/12/2010 10,850855
86,10/12/2010 11,397241
87,10/12/2010 12,367224
88,10/12/2010 13,306493
89,10/12/2010 14,668982
90,10/12/2010 15,1882930
91,10/12/2010 16,-8265
92,10/12/2010 17,23305
93,12/12/2010 10,135120
94,12/12/2010 11,542184
95,12/12/2010 12,285788
96,12/12/2010 13,211808
97,12/12/2010 14,211009
98,12/12/2010 16,128879
99,13/12/2010 09,885513
100,13/12/2010 10,261934
101,13/12/2010 11,658986
102,13/12/2010 12,197141
103,13/12/2010 13,347811
104,13/12/2010 14,343392
105,13/12/2010 15,750353
106,13/12/2010 16,42401
107,13/12/2010 17,-49866
108,14/12/2010 09,90732
109,14/12/2010 10,88952
110,14/12/2010 11,386196
111,14/12/2010 12,734551
112,14/12/2010 13,778132
113,14/12/2010 14,258155
114,14/12/2010 15,1740072
115,14/12/2010 16,70384
116,14/12/2010 17,19111
117,15/12/2010 09,115892
118,15/12/2010 10,247792
119,15/12/2010 11,645983
120,15/12/2010 12,612933
121,15/12/2010 13,356511
122,15/12/2010 14,210256
123,15/12/2010 15,332888
124,15/12/2010 16,142913
125,15/12/2010 17,21171
126,16/12/2010 08,136699
127,16/12/2010 09,388799
128,16/12/2010 10,1265439
129,16/12/2010 11,409210
130,16/12/2010 12,284626
131,16/12/2010 13,475615
132,16/12/2010 14,416957
133,16/12/2010 15,210927
134,16/12/2010 16,168553
135,16/12/2010 17,408051
136,16/12/2010 18,171714
137,16/12/2010 19,238887
138,17/12/2010 08,35701
139,17/12/2010 09,2838
140,17/12/2010 10,364552
141,17/12/2010 11,247315
142,17/12/2010 12,235386
143,17/12/2010 13,104996
144,17/12/2010 14,1656112
145,17/12/2010 15,347875
146,17/12/2010 16,494344
147,17/12/2010 17,666105
148,17/12/2010 18,3300
149,19/12/2010 10,23687
150,19/12/2010 11,263469
151,19/12/2010 12,38594
152,19/12/2010 13,89629
153,19/12/2010 14,157322
154,19/12/2010 15,124355
155,20/12/2010 08,-5010
156,20/12/2010 09,127875
157,20/12/2010 10,372414
158,20/12/2010 11,207139
159,20/12/2010 12,76469
160,20/12/2010 13,558233
161,20/12/2010 14,230452
162,20/12/2010 15,346087
163,20/12/2010 16,97217
164,20/12/2010 17,154185
165,21/12/2010 09,112445
166,21/12/2010 10,107701
167,21/12/2010 11,150
168,21/12/2010 12,116835
169,21/12/2010 13,325238
170,21/12/2010 14,129258
171,21/12/2010 15,3670943
172,21/12/2010 16,11205
173,21/12/2010 17,40737
174,22/12/2010 10,116290
175,22/12/2010 11,75056
176,22/12/2010 12,71907
177,22/12/2010 13,71722
178,22/12/2010 14,69171
179,22/12/2010 15,-465
180,22/12/2010 16,72760
181,23/12/2010 09,38871
182,23/12/2010 10,14590
183,23/12/2010 11,92885
184,23/12/2010 12,213602
185,23/12/2010 13,526206
186,23/12/2010 14,110237
187,23/12/2010 15,96829
188,23/12/2010 16,42042
189,23/12/2010 17,521
190,04/01/2011 10,156616
191,04/01/2011 11,143215
192,04/01/2011 12,207447
193,04/01/2011 13,514620
194,04/01/2011 14,237155
195,04/01/2011 15,102138
196,04/01/2011 16,59730
197,04/01/2011 17,-63960
198,05/01/2011 09,-3274240
199,05/01/2011 10,456873
200,05/01/2011 11,731725
201,05/01/2011 12,781329
202,05/01/2011 13,305108
203,05/01/2011 14,135215
204,05/01/2011 15,270744
205,05/01/2011 16,288271
206,05/01/2011 17,23855
207,06/01/2011 08,40740
208,06/01/2011 09,189301
209,06/01/2011 10,102941
210,06/01/2011 11,887211
211,06/01/2011 12,640531
212,06/01/2011 13,116251
213,06/01/2011 14,401463
214,06/01/2011 15,661204
215,06/01/2011 16,432516
216,06/01/2011 17,103463
217,06/01/2011 18,123999
218,07/01/2011 09,360749
219,07/01/2011 10,123550
220,07/01/2011 11,386970
221,07/01/2011 12,385675
222,07/01/2011 13,463574
223,07/01/2011 14,592426
224,07/01/2011 15,126768
225,07/01/2011 16,80749
226,07/01/2011 17,24149
227,09/01/2011 10,232371
228,09/01/2011 11,474699
229,09/01/2011 12,234572
230,09/01/2011 13,105107
231,09/01/2011 14,192022
232,09/01/2011 15,179906
233,09/01/2011 16,38760
234,10/01/2011 09,711841
235,10/01/2011 10,103584
236,10/01/2011 11,176881
237,10/01/2011 12,133363
238,10/01/2011 13,139262
239,10/01/2011 14,572995
240,10/01/2011 15,170234
241,10/01/2011 16,228033
242,10/01/2011 17,23140
243,11/01/2011 07,14490
244,11/01/2011 08,1417160
245,11/01/2011 09,628208
246,11/01/2011 10,155262
247,11/01/2011 11,443276
248,11/01/2011 12,2159532
249,11/01/2011 13,373273
250,11/01/2011 14,756247
251,11/01/2011 15,83447
252,11/01/2011 16,-3563
253,11/01/2011 17,-1160
254,12/01/2011 09,388146
255,12/01/2011 10,191698
256,12/01/2011 11,333406
257,12/01/2011 12,152325
258,12/01/2011 13,206066
259,12/01/2011 14,123743
260,12/01/2011 15,654980
261,12/01/2011 16,130576
262,13/01/2011 09,380051
263,13/01/2011 10,285230
264,13/01/2011 11,140174
265,13/01/2011 12,290895
266,13/01/2011 13,98719
267,13/01/2011 14,452073
268,13/01/2011 15,273877
269,13/01/2011 17,-3160
270,14/01/2011 08,12780
271,14/01/2011 09,185891
272,14/01/2011 10,516093
273,14/01/2011 11,83725
274,14/01/2011 12,1192774
275,14/01/2011 13,300068
276,14/01/2011 14,2079531
277,14/01/2011 15,37980
278,14/01/2011 16,-1774
279,14/01/2011 17,-1802
280,16/01/2011 10,82230
281,16/01/2011 11,38668
282,16/01/2011 12,109468
283,16/01/2011 13,84092
284,16/01/2011 14,47266
285,16/01/2011 15,100968
286,16/01/2011 16,189092
287,17/01/2011 10,77742
288,17/01/2011 11,469595
289,17/01/2011 12,149341
290,17/01/2011 13,288243
291,17/01/2011 14,132617
292,17/01/2011 15,221090
293,17/01/2011 16,179661
294,17/01/2011 17,1243259
295,18/01/2011 08,62695
296,18/01/2011 09,205544
297,18/01/2011 10,110026
298,18/01/2011 11,134292
299,18/01/2011 12,66297
300,18/01/2011 13,180150
301,18/01/2011 14,289566
302,18/01/2011 15,304495
303,18/01/2011 16,179657
304,18/01/2011 17,160875
305,19/01/2011 08,4518
306,19/01/2011 09,351512
307,19/01/2011 10,118815
308,19/01/2011 11,249083
309,19/01/2011 12,817896
310,19/01/2011 13,68427
311,19/01/2011 14,195618
312,19/01/2011 15,445208
313,19/01/2011 16,128835
314,19/01/2011 17,43030
315,20/01/2011 09,54131
316,20/01/2011 10,248911
317,20/01/2011 11,-79436
318,20/01/2011 12,447291
319,20/01/2011 13,77295
320,20/01/2011 14,273914
321,20/01/2011 15,255586
322,20/01/2011 16,-15063
323,20/01/2011 17,-5065
324,20/01/2011 18,591623
325,20/01/2011 19,21846
326,21/01/2011 09,63037
327,21/01/2011 10,29558
328,21/01/2011 11,882643
329,21/01/2011 12,67294
330,21/01/2011 13,798610
331,21/01/2011 14,254702
332,21/01/2011 15,315727
333,21/01/2011 16,-11771
334,21/01/2011 17,517010
335,23/01/2011 10,151890
336,23/01/2011 11,52508
337,23/01/2011 12,172901
338,23/01/2011 13,129355
339,23/01/2011 14,84524
340,23/01/2011 15,129224
341,23/01/2011 16,222738
342,24/01/2011 08,16500
343,24/01/2011 09,337149
344,24/01/2011 10,390975
345,24/01/2011 11,416962
346,24/01/2011 12,130545
347,24/01/2011 13,628300
348,24/01/2011 14,344187
349,24/01/2011 15,97865
350,24/01/2011 16,44777
351,25/01/2011 08,100269
352,25/01/2011 09,168338
353,25/01/2011 10,428609
354,25/01/2011 11,306056
355,25/01/2011 12,377980
356,25/01/2011 13,818327
357,25/01/2011 14,311039
358,25/01/2011 15,82403
359,25/01/2011 16,45378
360,25/01/2011 17,-56176
361,26/01/2011 08,32640
362,26/01/2011 09,131535
363,26/01/2011 10,174033
364,26/01/2011 11,256536
365,26/01/2011 12,380711
366,26/01/2011 13,298571
367,26/01/2011 14,172193
368,26/01/2011 15,71017
369,26/01/2011 16,281914
370,26/01/2011 17,48176
371,27/01/2011 08,47558
372,27/01/2011 09,125586
373,27/01/2011 10,405733
374,27/01/2011 11,350106
375,27/01/2011 12,32456
376,27/01/2011 13,340610
377,27/01/2011 14,128245
378,27/01/2011 15,364517
379,27/01/2011 16,134527
380,27/01/2011 17,-17632
381,27/01/2011 18,24042
382,27/01/2011 19,18135
383,28/01/2011 09,-14720
384,28/01/2011 10,474262
385,28/01/2011 11,83289
386,28/01/2011 12,441645
387,28/01/2011 13,300936
388,28/01/2011 14,261031
389,28/01/2011 15,164930
390,28/01/2011 16,22690
391,28/01/2011 17,125
392,30/01/2011 10,86502
393,30/01/2011 11,55203
394,30/01/2011 12,57125
395,30/01/2011 13,70616
396,30/01/2011 14,176919
397,30/01/2011 15,161227
398,31/01/2011 08,27497
399,31/01/2011 09,742906
400,31/01/2011 10,183611
401,31/01/2011 11,139922
402,31/01/2011 12,409418
403,31/01/2011 13,290542
404,31/01/2011 14,148825
405,31/01/2011 15,118023
406,31/01/2011 16,33575
407,01/02/2011 08,101707
408,01/02/2011 09,113824
409,01/02/2011 10,775480
410,01/02/2011 11,264866
411,01/02/2011 12,208814
412,01/02/2011 13,597128
413,01/02/2011 14,139847
414,01/02/2011 15,361930
415,01/02/2011 16,55986
416,02/02/2011 07,94800
417,02/02/2011 09,83861
418,02/02/2011 10,405424
419,02/02/2011 11,145933
420,02/02/2011 12,500764
421,02/02/2011 13,299993
422,02/02/2011 14,183329
423,02/02/2011 15,127086
424,02/02/2011 16,27940
425,02/02/2011 17,95693
426,03/02/2011 08,27642
427,03/02/2011 09,237271
428,03/02/2011 10,258696
429,03/02/2011 11,216427
430,03/02/2011 12,763720
431,03/02/2011 13,323092
432,03/02/2011 14,160819
433,03/02/2011 15,65571
434,03/02/2011 17,42209
435,03/02/2011 18,41400
436,03/02/2011 19,29455
437,04/02/2011 08,199541
438,04/02/2011 09,270354
439,04/02/2011 10,234409
440,04/02/2011 11,457708
441,04/02/2011 12,202180
442,04/02/2011 13,560359
443,04/02/2011 14,367330
444,04/02/2011 15,42919
445,04/02/2011 16,19393
446,04/02/2011 17,0
447,06/02/2011 11,58026
448,06/02/2011 12,24632
449,06/02/2011 13,76042
450,06/02/2011 14,129238
451,06/02/2011 15,8104
452,06/02/2011 16,10042
453,07/02/2011 09,146231
454,07/02/2011 10,91006
455,07/02/2011 11,283440
456,07/02/2011 12,208138
457,07/02/2011 13,168558
458,07/02/2011 14,351319
459,07/02/2011 15,1130432
460,07/02/2011 16,31518
461,08/02/2011 09,130759
462,08/02/2011 10,307114
463,08/02/2011 11,211796
464,08/02/2011 12,606905
465,08/02/2011 13,107411
466,08/02/2011 14,428626
467,08/02/2011 15,160429
468,08/02/2011 16,10310
469,08/02/2011 17,12390
470,09/02/2011 09,6728
471,09/02/2011 10,172758
472,09/02/2011 11,606696
473,09/02/2011 12,273234
474,09/02/2011 13,235247
475,09/02/2011 14,85522
476,09/02/2011 15,45758
477,09/02/2011 16,157419
478,10/02/2011 09,145639
479,10/02/2011 10,191387
480,10/02/2011 11,249377
481,10/02/2011 12,199414
482,10/02/2011 13,92947
483,10/02/2011 14,109902
484,10/02/2011 15,135697
485,10/02/2011 16,53471
486,10/02/2011 17,29601
487,10/02/2011 19,21604
488,11/02/2011 08,25905
489,11/02/2011 09,140100
490,11/02/2011 10,297416
491,11/02/2011 11,846905
492,11/02/2011 12,522876
493,11/02/2011 13,82611
494,11/02/2011 14,20169
495,11/02/2011 15,149354
496,11/02/2011 16,13368
497,11/02/2011 17,-102816
498,13/02/2011 10,16390
499,13/02/2011 11,119049
500,13/02/2011 12,144852
501,13/02/2011 13,48431
502,13/02/2011 14,36260
503,13/02/2011 15,111825
504,13/02/2011 16,33731
505,14/02/2011 09,1216142
506,14/02/2011 10,65276
507,14/02/2011 11,197477
508,14/02/2011 12,484009
509,14/02/2011 13,52601
510,14/02/2011 14,123799
511,14/02/2011 15,310654
512,14/02/2011 16,-375
513,15/02/2011 08,52041
514,15/02/2011 09,1569832
515,15/02/2011 10,354151
516,15/02/2011 11,240772
517,15/02/2011 12,-52231
518,15/02/2011 13,151870
519,15/02/2011 14,739981
520,15/02/2011 15,169325
521,15/02/2011 16,9465
522,15/02/2011 17,150702
523,16/02/2011 08,38570
524,16/02/2011 09,259472
525,16/02/2011 10,387919
526,16/02/2011 11,282294
527,16/02/2011 12,379431
528,16/02/2011 13,233691
529,16/02/2011 14,329684
530,16/02/2011 15,255627
531,16/02/2011 16,135168
532,17/02/2011 08,124017
533,17/02/2011 09,30852
534,17/02/2011 10,522187
535,17/02/2011 11,398279
536,17/02/2011 12,771965
537,17/02/2011 13,89448
538,17/02/2011 14,270611
539,17/02/2011 15,171303
540,17/02/2011 16,30272
541,17/02/2011 17,30373
542,17/02/2011 19,33503
543,18/02/2011 08,70178
544,18/02/2011 09,123040
545,18/02/2011 10,277079
546,18/02/2011 11,418135
547,18/02/2011 12,244956
548,18/02/2011 13,139665
549,18/02/2011 14,45399
550,18/02/2011 15,15358
551,18/02/2011 16,168483
552,18/02/2011 17,-740
553,20/02/2011 10,200632
554,20/02/2011 11,14233
555,20/02/2011 12,157746
556,20/02/2011 13,240474
557,20/02/2011 14,218263
558,20/02/2011 15,54307
559,21/02/2011 08,180458
560,21/02/2011 09,115862
561,21/02/2011 10,1948833
562,21/02/2011 11,181015
563,21/02/2011 12,179192
564,21/02/2011 13,206363
565,21/02/2011 14,-36164
566,21/02/2011 15,-908035
567,21/02/2011 16,-195
568,21/02/2011 17,42821
569,21/02/2011 18,253355
570,22/02/2011 08,10815
571,22/02/2011 09,173801
572,22/02/2011 10,392855
573,22/02/2011 11,334908
574,22/02/2011 12,333705
575,22/02/2011 13,418981
576,22/02/2011 14,106784
577,22/02/2011 15,797096
578,22/02/2011 16,409470
579,22/02/2011 17,83033
580,23/02/2011 08,201307
581,23/02/2011 09,269387
582,23/02/2011 10,229739
583,23/02/2011 11,634006
584,23/02/2011 12,483625
585,23/02/2011 13,224619
586,23/02/2011 14,85134
587,23/02/2011 15,290144
588,23/02/2011 16,115823
589,23/02/2011 17,4417
590,24/02/2011 09,358452
591,24/02/2011 10,200931
592,24/02/2011 11,150220
593,24/02/2011 12,192642
594,24/02/2011 13,72321
595,24/02/2011 14,357518
596,24/02/2011 15,149041
597,24/02/2011 16,222547
598,24/02/2011 17,63826
599,24/02/2011 18,301921
600,25/02/2011 08,120176
601,25/02/2011 09,211085
602,25/02/2011 10,347314
603,25/02/2011 11,225359
604,25/02/2011 12,191856
605,25/02/2011 13,246672
606,25/02/2011 14,386909
607,25/02/2011 15,158475
608,25/02/2011 16,-240905
609,25/02/2011 17,50284
610,27/02/2011 10,208224
611,27/02/2011 11,197736
612,27/02/2011 12,176776
613,27/02/2011 13,90198
614,27/02/2011 14,137748
615,27/02/2011 15,66666
616,28/02/2011 08,54926
617,28/02/2011 09,128208
618,28/02/2011 10,277547
619,28/02/2011 11,225160
620,28/02/2011 12,185899
621,28/02/2011 13,210073
622,28/02/2011 14,187335
623,28/02/2011 15,167542
624,28/02/2011 16,509772
625,28/02/2011 17,46341
626,01/03/2011 08,88021
627,01/03/2011 09,476580
628,01/03/2011 10,182472
629,01/03/2011 11,252139
630,01/03/2011 12,325292
631,01/03/2011 13,76414
632,01/03/2011 14,609627
633,01/03/2011 15,89210
634,01/03/2011 16,201606
635,01/03/2011 17,51581
636,02/03/2011 08,180026
637,02/03/2011 09,268300
638,02/03/2011 10,21129
639,02/03/2011 11,216641
640,02/03/2011 12,387086
641,02/03/2011 13,138154
642,02/03/2011 14,223440
643,02/03/2011 15,25851
644,02/03/2011 16,176153
645,02/03/2011 17,27652
646,03/03/2011 08,101090
647,03/03/2011 09,374863
648,03/03/2011 10,1792320
649,03/03/2011 11,58837
650,03/03/2011 12,202597
651,03/03/2011 13,212544
652,03/03/2011 14,167892
653,03/03/2011 15,127977
654,03/03/2011 16,243236
655,03/03/2011 18,71893
656,03/03/2011 19,29134
657,04/03/2011 08,76552
658,04/03/2011 09,442452
659,04/03/2011 10,208129
660,04/03/2011 11,29926
661,04/03/2011 12,383517
662,04/03/2011 13,163880
663,04/03/2011 14,262041
664,04/03/2011 15,54487
665,04/03/2011 16,134600
666,04/03/2011 17,53213
667,06/03/2011 10,27796
668,06/03/2011 11,191943
669,06/03/2011 12,230979
670,06/03/2011 14,242211
671,06/03/2011 15,179985
672,06/03/2011 16,795
673,07/03/2011 08,18495
674,07/03/2011 09,180177
675,07/03/2011 10,1029930
676,07/03/2011 11,278341
677,07/03/2011 12,205255
678,07/03/2011 13,204755
679,07/03/2011 14,408410
680,07/03/2011 15,-87899
681,07/03/2011 16,47587
682,07/03/2011 17,523220
683,08/03/2011 08,25127
684,08/03/2011 09,238952
685,08/03/2011 10,109610
686,08/03/2011 11,491442
687,08/03/2011 12,358661
688,08/03/2011 13,239151
689,08/03/2011 14,304982
690,08/03/2011 15,442719
691,08/03/2011 16,97956
692,08/03/2011 17,36007
693,09/03/2011 08,116372
694,09/03/2011 09,103637
695,09/03/2011 10,260551
696,09/03/2011 11,539637
697,09/03/2011 12,249194
698,09/03/2011 13,191070
699,09/03/2011 14,194947
700,09/03/2011 15,176356
701,09/03/2011 16,158734
702,09/03/2011 17,0
703,10/03/2011 07,83750
704,10/03/2011 08,66777
705,10/03/2011 09,369673
706,10/03/2011 10,314631
707,10/03/2011 11,598083
708,10/03/2011 12,297120
709,10/03/2011 13,175733
710,10/03/2011 14,254332
711,10/03/2011 15,62428
712,10/03/2011 16,211066
713,10/03/2011 17,790
714,10/03/2011 18,1377
715,10/03/2011 19,16650
716,11/03/2011 08,54788
717,11/03/2011 09,160376
718,11/03/2011 10,68014
719,11/03/2011 11,329266
720,11/03/2011 12,220981
721,11/03/2011 13,617023
722,11/03/2011 14,178486
723,11/03/2011 15,83202
724,11/03/2011 16,361644
725,13/03/2011 10,132179
726,13/03/2011 11,81296
727,13/03/2011 12,30770
728,13/03/2011 13,55093
729,13/03/2011 14,38508
730,13/03/2011 15,49447
731,14/03/2011 08,97689
732,14/03/2011 09,439278
733,14/03/2011 10,272861
734,14/03/2011 11,178477
735,14/03/2011 12,326319
736,14/03/2011 13,791547
737,14/03/2011 14,72789
738,14/03/2011 15,199725
739,14/03/2011 16,24435
740,14/03/2011 17,0
741,15/03/2011 08,41839
742,15/03/2011 09,108283
743,15/03/2011 10,265165
744,15/03/2011 11,148204
745,15/03/2011 12,218642
746,15/03/2011 13,105633
747,15/03/2011 14,764612
748,15/03/2011 15,223762
749,15/03/2011 16,106217
750,16/03/2011 08,57638
751,16/03/2011 09,276249
752,16/03/2011 10,131084
753,16/03/2011 11,303943
754,16/03/2011 12,433022
755,16/03/2011 13,136192
756,16/03/2011 14,290696
757,16/03/2011 15,117133
758,16/03/2011 16,62275
759,16/03/2011 17,1485
760,17/03/2011 07,370683
761,17/03/2011 09,183533
762,17/03/2011 10,1202906
763,17/03/2011 11,7140
764,17/03/2011 12,256685
765,17/03/2011 13,162983
766,17/03/2011 14,33109
767,17/03/2011 15,172386
768,17/03/2011 16,200511
769,17/03/2011 17,18173
770,17/03/2011 18,877412
771,17/03/2011 19,67353
772,17/03/2011 20,70547
773,18/03/2011 08,55311
774,18/03/2011 09,268581
775,18/03/2011 10,236371
776,18/03/2011 11,191331
777,18/03/2011 12,-287219
778,18/03/2011 13,646132
779,18/03/2011 14,185083
780,18/03/2011 15,139586
781,18/03/2011 16,-790
782,18/03/2011 17,30008
783,20/03/2011 10,463883
784,20/03/2011 11,391518
785,20/03/2011 12,211238
786,20/03/2011 13,503358
787,20/03/2011 14,226421
788,20/03/2011 15,163946
789,20/03/2011 16,55162
790,21/03/2011 08,137629
791,21/03/2011 09,70003
792,21/03/2011 10,315267
793,21/03/2011 11,222777
794,21/03/2011 12,200909
795,21/03/2011 13,115189
796,21/03/2011 14,313730
797,21/03/2011 15,136827
798,21/03/2011 16,55194
799,21/03/2011 17,13126
800,22/03/2011 08,59756
801,22/03/2011 09,617117
802,22/03/2011 10,102394
803,22/03/2011 11,181561
804,22/03/2011 12,680745
805,22/03/2011 13,174561
806,22/03/2011 14,180469
807,22/03/2011 15,431479
808,22/03/2011 16,560708
809,22/03/2011 17,19802
810,23/03/2011 08,26694
811,23/03/2011 09,108008
812,23/03/2011 10,343662
813,23/03/2011 11,116966
814,23/03/2011 12,290072
815,23/03/2011 13,387291
816,23/03/2011 14,334210
817,23/03/2011 15,495037
818,23/03/2011 16,57901
819,23/03/2011 17,14700
820,24/03/2011 08,133556
821,24/03/2011 09,294899
822,24/03/2011 10,220383
823,24/03/2011 11,204710
824,24/03/2011 12,297291
825,24/03/2011 13,440662
826,24/03/2011 14,187343
827,24/03/2011 15,53636
828,24/03/2011 16,80762
829,24/03/2011 17,91900
830,24/03/2011 18,1150673
831,24/03/2011 19,32323
832,25/03/2011 08,115741
833,25/03/2011 09,576
834,25/03/2011 10,258233
835,25/03/2011 11,200138
836,25/03/2011 12,712055
837,25/03/2011 13,77853
838,25/03/2011 14,856089
839,25/03/2011 15,257941
840,25/03/2011 16,396206
841,25/03/2011 17,16189
842,27/03/2011 10,177405
843,27/03/2011 11,157748
844,27/03/2011 12,117126
845,27/03/2011 13,103246
846,27/03/2011 14,60010
847,27/03/2011 15,143187
848,27/03/2011 16,64315
849,28/03/2011 07,45998
850,28/03/2011 08,30776
851,28/03/2011 09,215130
852,28/03/2011 10,193906
853,28/03/2011 11,27180
854,28/03/2011 12,112720
855,28/03/2011 13,197208
856,28/03/2011 14,328685
857,28/03/2011 15,546621
858,28/03/2011 16,117935
859,29/03/2011 08,54117
860,29/03/2011 09,111951
861,29/03/2011 10,127571
862,29/03/2011 11,1792714
863,29/03/2011 12,158611
864,29/03/2011 13,1610764
865,29/03/2011 14,165831
866,29/03/2011 15,432881
867,29/03/2011 16,2181250
868,29/03/2011 17,63550
869,30/03/2011 09,404217
870,30/03/2011 10,387339
871,30/03/2011 11,320956
872,30/03/2011 12,381566
873,30/03/2011 13,452131
874,30/03/2011 14,244223
875,30/03/2011 15,415446
876,30/03/2011 16,303037
877,30/03/2011 17,58408
878,31/03/2011 09,299286
879,31/03/2011 10,295540
880,31/03/2011 11,150809
881,31/03/2011 12,27227
882,31/03/2011 13,843826
883,31/03/2011 14,359587
884,31/03/2011 15,81204
885,31/03/2011 16,612231
886,31/03/2011 17,118703
887,31/03/2011 18,50335
888,31/03/2011 19,95826
889,01/04/2011 08,60959
890,01/04/2011 09,189467
891,01/04/2011 10,191092
892,01/04/2011 11,273401
893,01/04/2011 12,534044
894,01/04/2011 13,392253
895,01/04/2011 14,461589
896,01/04/2011 15,30803
897,01/04/2011 16,140744
898,01/04/2011 17,990
899,03/04/2011 10,102201
900,03/04/2011 11,214449
901,03/04/2011 12,108465
902,03/04/2011 13,25992
903,03/04/2011 14,73527
904,03/04/2011 15,128247
905,04/04/2011 08,203829
906,04/04/2011 09,104289
907,04/04/2011 10,48711
908,04/04/2011 11,191327
909,04/04/2011 12,720928
910,04/04/2011 13,277085
911,04/04/2011 14,162933
912,04/04/2011 15,294546
913,04/04/2011 16,371903
914,05/04/2011 08,94670
915,05/04/2011 09,47364
916,05/04/2011 10,473179
917,05/04/2011 11,308355
918,05/04/2011 12,324084
919,05/04/2011 13,503085
920,05/04/2011 14,76011
921,05/04/2011 15,157370
922,05/04/2011 16,154344
923,05/04/2011 17,538629
924,06/04/2011 09,33260
925,06/04/2011 10,182692
926,06/04/2011 11,456094
927,06/04/2011 12,247394
928,06/04/2011 13,186311
929,06/04/2011 14,257987
930,06/04/2011 15,134964
931,06/04/2011 16,29630
932,06/04/2011 17,139879
933,07/04/2011 08,1259
934,07/04/2011 09,108044
935,07/04/2011 10,291673
936,07/04/2011 11,294889
937,07/04/2011 12,437799
938,07/04/2011 13,336299
939,07/04/2011 18,27202
940,07/04/2011 19,228967
941,08/04/2011 07,54758
942,08/04/2011 08,305524
943,08/04/2011 09,309331
944,08/04/2011 10,195380
945,08/04/2011 11,282704
946,08/04/2011 12,419869
947,08/04/2011 13,108201
948,08/04/2011 14,114469
949,08/04/2011 15,410482
950,08/04/2011 16,0
951,08/04/2011 17,7021
952,10/04/2011 10,41514
953,10/04/2011 11,264005
954,10/04/2011 12,101872
955,10/04/2011 13,104966
956,10/04/2011 14,31230
957,10/04/2011 15,283829
958,10/04/2011 16,70875
959,11/04/2011 08,314909
960,11/04/2011 09,104340
961,11/04/2011 10,609535
962,11/04/2011 11,252400
963,11/04/2011 12,138999
964,11/04/2011 13,212865
965,11/04/2011 14,146561
966,11/04/2011 15,81517
967,11/04/2011 16,161039
968,11/04/2011 17,49789
969,12/04/2011 08,59810
970,12/04/2011 09,308472
971,12/04/2011 10,669721
972,12/04/2011 11,122232
973,12/04/2011 12,197197
974,12/04/2011 13,524413
975,12/04/2011 14,161844
976,12/04/2011 15,170311
977,12/04/2011 16,159512
978,12/04/2011 17,10321
979,13/04/2011 08,42402
980,13/04/2011 09,148404
981,13/04/2011 10,563575
982,13/04/2011 11,331911
983,13/04/2011 12,174889
984,13/04/2011 13,240847
985,13/04/2011 14,318846
986,13/04/2011 15,317821
987,13/04/2011 16,71560
988,13/04/2011 17,14730
989,14/04/2011 08,320908
990,14/04/2011 09,240917
991,14/04/2011 10,270137
992,14/04/2011 11,263417
993,14/04/2011 12,400593
994,14/04/2011 13,563769
995,14/04/2011 14,215038
996,14/04/2011 15,360958
997,14/04/2011 16,185082
998,14/04/2011 17,220597
999,14/04/2011 18,174940
1000,14/04/2011 19,61346
1001,15/04/2011 08,18740
1002,15/04/2011 09,227726
1003,15/04/2011 10,1024573
1004,15/04/2011 11,115416
1005,15/04/2011 12,321703
1006,15/04/2011 13,433213
1007,15/04/2011 14,216193
1008,15/04/2011 15,69257
1009,15/04/2011 16,253037
1010,17/04/2011 10,237649
1011,17/04/2011 11,288481
1012,17/04/2011 12,190207
1013,17/04/2011 13,220895
1014,17/04/2011 14,122427
1015,17/04/2011 15,133218
1016,18/04/2011 09,394143
1017,18/04/2011 10,198972
1018,18/04/2011 11,200960
1019,18/04/2011 12,292183
1020,18/04/2011 13,220130
1021,18/04/2011 14,393601
1022,18/04/2011 15,612686
1023,18/04/2011 16,103960
1024,18/04/2011 17,28385
1025,19/04/2011 08,94272
1026,19/04/2011 09,123518
1027,19/04/2011 10,290814
1028,19/04/2011 11,369937
1029,19/04/2011 12,211144
1030,19/04/2011 13,259546
1031,19/04/2011 14,347616
1032,19/04/2011 15,346916
1033,19/04/2011 16,91484
1034,19/04/2011 17,10972
1035,20/04/2011 08,71250
1036,20/04/2011 09,265253
1037,20/04/2011 10,134178
1038,20/04/2011 11,899955
1039,20/04/2011 12,197577
1040,20/04/2011 13,575527
1041,20/04/2011 14,105820
1042,20/04/2011 15,178128
1043,20/04/2011 16,6890
1044,20/04/2011 17,65514
1045,21/04/2011 08,36414
1046,21/04/2011 09,288459
1047,21/04/2011 10,347088
1048,21/04/2011 11,57657
1049,21/04/2011 12,374880
1050,21/04/2011 13,411023
1051,21/04/2011 14,202073
1052,21/04/2011 15,135887
1053,21/04/2011 16,407615
1054,21/04/2011 17,156566
1055,21/04/2011 18,380023
1056,21/04/2011 19,100703
1057,26/04/2011 08,76652
1058,26/04/2011 09,644175
1059,26/04/2011 10,337903
1060,26/04/2011 11,505303
1061,26/04/2011 12,279612
1062,26/04/2011 13,233626
1063,26/04/2011 14,244562
1064,26/04/2011 15,230340
1065,26/04/2011 16,228816
1066,26/04/2011 17,97592
1067,27/04/2011 08,87768
1068,27/04/2011 09,63528
1069,27/04/2011 10,272366
1070,27/04/2011 11,230347
1071,27/04/2011 12,591913
1072,27/04/2011 13,197127
1073,27/04/2011 14,585846
1074,27/04/2011 15,157737
1075,27/04/2011 16,41492
1076,27/04/2011 17,221645
1077,28/04/2011 07,45945
1078,28/04/2011 08,47314
1079,28/04/2011 09,114682
1080,28/04/2011 10,531550
1081,28/04/2011 11,122975
1082,28/04/2011 12,165640
1083,28/04/2011 13,394143
1084,28/04/2011 14,138314
1085,28/04/2011 15,139421
1086,28/04/2011 16,227284
1087,28/04/2011 17,252
1088,28/04/2011 18,26632
1089,28/04/2011 19,-43928
1090,01/05/2011 10,32088
1091,01/05/2011 11,181069
1092,01/05/2011 12,135332
1093,01/05/2011 13,132454
1094,01/05/2011 14,128868
1095,01/05/2011 15,15375
1096,03/05/2011 08,32762
1097,03/05/2011 09,554453
1098,03/05/2011 10,363480
1099,03/05/2011 11,322234
1100,03/05/2011 12,-316614
1101,03/05/2011 13,1086045
1102,03/05/2011 14,42555
1103,03/05/2011 15,96715
1104,03/05/2011 16,304953
1105,03/05/2011 17,19109
1106,04/05/2011 08,197463
1107,04/05/2011 09,71944
1108,04/05/2011 10,132556
1109,04/05/2011 11,1011368
1110,04/05/2011 12,151994
1111,04/05/2011 13,278902
1112,04/05/2011 14,301668
1113,04/05/2011 15,183035
1114,04/05/2011 16,181576
1115,04/05/2011 17,20660
1116,05/05/2011 07,38514
1117,05/05/2011 08,136216
1118,05/05/2011 09,263452
1119,05/05/2011 10,103398
1120,05/05/2011 11,215600
1121,05/05/2011 12,269012
1122,05/05/2011 13,406083
1123,05/05/2011 14,144998
1124,05/05/2011 15,582797
1125,05/05/2011 16,100556
1126,05/05/2011 17,356456
1127,05/05/2011 18,67728
1128,05/05/2011 19,44419
1129,06/05/2011 08,877544
1130,06/05/2011 09,236514
1131,06/05/2011 10,428724
1132,06/05/2011 11,210437
1133,06/05/2011 12,162791
1134,06/05/2011 13,501871
1135,06/05/2011 14,155652
1136,06/05/2011 15,492993
1137,06/05/2011 16,267661
1138,06/05/2011 17,19610
1139,06/05/2011 19,36545
1140,06/05/2011 20,2214
1141,08/05/2011 10,111300
1142,08/05/2011 11,413101
1143,08/05/2011 12,500786
1144,08/05/2011 13,97481
1145,08/05/2011 14,192491
1146,08/05/2011 15,221772
1147,08/05/2011 16,248822
1148,09/05/2011 08,26905
1149,09/05/2011 09,174460
1150,09/05/2011 10,222368
1151,09/05/2011 11,112068
1152,09/05/2011 12,455004
1153,09/05/2011 13,321411
1154,09/05/2011 14,171173
1155,09/05/2011 15,243845
1156,09/05/2011 16,702395
1157,09/05/2011 17,3830
1158,10/05/2011 08,34486
1159,10/05/2011 09,108483
1160,10/05/2011 10,477694
1161,10/05/2011 11,418358
1162,10/05/2011 12,772740
1163,10/05/2011 13,271058
1164,10/05/2011 14,169866
1165,10/05/2011 15,1865093
1166,10/05/2011 16,171559
1167,11/05/2011 07,182331
1168,11/05/2011 08,55301
1169,11/05/2011 09,99358
1170,11/05/2011 10,608486
1171,11/05/2011 11,54015
1172,11/05/2011 12,811313
1173,11/05/2011 13,406172
1174,11/05/2011 14,429904
1175,11/05/2011 15,415012
1176,11/05/2011 16,24242
1177,11/05/2011 17,100004
1178,12/05/2011 08,165700
1179,12/05/2011 09,385141
1180,12/05/2011 10,2011861
1181,12/05/2011 11,263109
1182,12/05/2011 12,822837
1183,12/05/2011 13,283757
1184,12/05/2011 14,909334
1185,12/05/2011 15,98742
1186,12/05/2011 16,234201
1187,12/05/2011 17,30905
1188,12/05/2011 18,308017
1189,12/05/2011 19,93565
1190,12/05/2011 20,104389
1191,13/05/2011 08,198283
1192,13/05/2011 09,317533
1193,13/05/2011 10,434314
1194,13/05/2011 11,581245
1195,13/05/2011 12,258238
1196,13/05/2011 13,184198
1197,13/05/2011 14,421006
1198,13/05/2011 15,279862
1199,13/05/2011 16,233660
1200,13/05/2011 17,35748
1201,15/05/2011 11,122786
1202,15/05/2011 12,411420
1203,15/05/2011 13,231734
1204,15/05/2011 14,40057
1205,15/05/2011 15,57094
1206,15/05/2011 16,80764
1207,16/05/2011 08,189896
1208,16/05/2011 09,575419
1209,16/05/2011 10,167152
1210,16/05/2011 11,42504
1211,16/05/2011 12,665142
1212,16/05/2011 13,-620438
1213,16/05/2011 14,1154761
1214,16/05/2011 15,154807
1215,16/05/2011 16,553142
1216,16/05/2011 17,9417
1217,17/05/2011 08,117705
1218,17/05/2011 09,125090
1219,17/05/2011 10,386533
1220,17/05/2011 11,1510302
1221,17/05/2011 12,255147
1222,17/05/2011 13,133869
1223,17/05/2011 14,426864
1224,17/05/2011 15,1967103
1225,17/05/2011 16,253280
1226,17/05/2011 17,-8173
1227,18/05/2011 09,302461
1228,18/05/2011 10,877334
1229,18/05/2011 11,285376
1230,18/05/2011 12,378973
1231,18/05/2011 13,480482
1232,18/05/2011 14,204187
1233,18/05/2011 15,343044
1234,18/05/2011 16,323372
1235,18/05/2011 17,0
1236,19/05/2011 07,52486
1237,19/05/2011 08,191181
1238,19/05/2011 09,240817
1239,19/05/2011 10,445782
1240,19/05/2011 11,301023
1241,19/05/2011 12,360010
1242,19/05/2011 13,238099
1243,19/05/2011 14,332530
1244,19/05/2011 15,204106
1245,19/05/2011 16,312858
1246,19/05/2011 17,367465
1247,19/05/2011 18,12702
1248,19/05/2011 19,172632
1249,20/05/2011 08,186893
1250,20/05/2011 09,198099
1251,20/05/2011 10,506870
1252,20/05/2011 11,362675
1253,20/05/2011 12,77081
1254,20/05/2011 13,454282
1255,20/05/2011 14,378784
1256,20/05/2011 15,224845
1257,20/05/2011 16,62981
1258,22/05/2011 10,318270
1259,22/05/2011 11,475490
1260,22/05/2011 12,327675
1261,22/05/2011 13,440408
1262,22/05/2011 14,321731
1263,22/05/2011 15,202370
1264,23/05/2011 08,117764
1265,23/05/2011 09,283959
1266,23/05/2011 10,221937
1267,23/05/2011 11,414352
1268,23/05/2011 12,186665
1269,23/05/2011 13,653617
1270,23/05/2011 14,607034
1271,23/05/2011 15,290931
1272,23/05/2011 16,65213
1273,23/05/2011 17,2389
1274,24/05/2011 08,245647
1275,24/05/2011 09,548680
1276,24/05/2011 10,1027724
1277,24/05/2011 11,215747
1278,24/05/2011 12,228426
1279,24/05/2011 13,158976
1280,24/05/2011 14,204483
1281,24/05/2011 15,678434
1282,24/05/2011 16,805
1283,24/05/2011 17,42213
1284,25/05/2011 08,44562
1285,25/05/2011 09,290444
1286,25/05/2011 10,284087
1287,25/05/2011 11,302503
1288,25/05/2011 12,629655
1289,25/05/2011 13,105771
1290,25/05/2011 14,126204
1291,25/05/2011 15,185541
1292,25/05/2011 16,64798
1293,25/05/2011 17,256950
1294,26/05/2011 08,30135
1295,26/05/2011 09,104997
1296,26/05/2011 10,519538
1297,26/05/2011 11,106884
1298,26/05/2011 12,176118
1299,26/05/2011 13,229619
1300,26/05/2011 14,233334
1301,26/05/2011 15,896710
1302,26/05/2011 16,95560
1303,26/05/2011 17,70800
1304,26/05/2011 18,49901
1305,26/05/2011 19,563426
1306,27/05/2011 09,123506
1307,27/05/2011 10,622468
1308,27/05/2011 11,57994
1309,27/05/2011 12,291101
1310,27/05/2011 13,367151
1311,27/05/2011 14,335072
1312,27/05/2011 15,771556
1313,27/05/2011 16,44686
1314,27/05/2011 17,103935
1315,29/05/2011 10,116341
1316,29/05/2011 11,68406
1317,29/05/2011 12,247029
1318,29/05/2011 13,53009
1319,29/05/2011 14,117029
1320,29/05/2011 15,87417
1321,31/05/2011 08,76013
1322,31/05/2011 09,106988
1323,31/05/2011 10,213744
1324,31/05/2011 11,154622
1325,31/05/2011 12,105579
1326,31/05/2011 13,373210
1327,31/05/2011 14,424468
1328,31/05/2011 15,539816
1329,01/06/2011 07,32690
1330,01/06/2011 08,129856
1331,01/06/2011 09,192244
1332,01/06/2011 10,422375
1333,01/06/2011 11,107434
1334,01/06/2011 12,228315
1335,01/06/2011 13,74783
1336,01/06/2011 14,69970
1337,01/06/2011 15,112235
1338,01/06/2011 16,47096
1339,01/06/2011 17,529051
1340,02/06/2011 09,516366
1341,02/06/2011 10,59396
1342,02/06/2011 11,532689
1343,02/06/2011 12,402678
1344,02/06/2011 13,38732
1345,02/06/2011 14,304723
1346,02/06/2011 15,94008
1347,02/06/2011 16,8015
1348,02/06/2011 17,1004115
1349,02/06/2011 18,6205
1350,02/06/2011 19,65627
1351,03/06/2011 07,40495
1352,03/06/2011 08,35004
1353,03/06/2011 09,57756
1354,03/06/2011 10,277187
1355,03/06/2011 11,152265
1356,03/06/2011 12,297426
1357,03/06/2011 13,225462
1358,03/06/2011 14,162858
1359,03/06/2011 15,86950
1360,03/06/2011 16,55094
1361,03/06/2011 17,222062
1362,05/06/2011 10,312695
1363,05/06/2011 11,531599
1364,05/06/2011 12,249333
1365,05/06/2011 13,402992
1366,05/06/2011 14,186966
1367,05/06/2011 15,600361
1368,05/06/2011 16,7449
1369,06/06/2011 08,14788
1370,06/06/2011 09,291767
1371,06/06/2011 10,55961
1372,06/06/2011 11,174240
1373,06/06/2011 12,227368
1374,06/06/2011 13,355362
1375,06/06/2011 14,137349
1376,06/06/2011 15,155749
1377,06/06/2011 16,205976
1378,07/06/2011 07,35365
1379,07/06/2011 08,125412
1380,07/06/2011 09,205297
1381,07/06/2011 10,112975
1382,07/06/2011 11,326194
1383,07/06/2011 12,300358
1384,07/06/2011 13,580287
1385,07/06/2011 14,194317
1386,07/06/2011 15,81818
1387,07/06/2011 16,1279536
1388,07/06/2011 17,402928
1389,08/06/2011 08,263013
1390,08/06/2011 09,105353
1391,08/06/2011 10,540830
1392,08/06/2011 11,271935
1393,08/06/2011 12,524106
1394,08/06/2011 13,304610
1395,08/06/2011 14,421352
1396,08/06/2011 15,1227000
1397,08/06/2011 16,248621
1398,08/06/2011 17,200737
1399,09/06/2011 07,20017
1400,09/06/2011 08,12460
1401,09/06/2011 09,182574
1402,09/06/2011 10,328163
1403,09/06/2011 11,254214
1404,09/06/2011 12,227667
1405,09/06/2011 13,222214
1406,09/06/2011 14,236384
1407,09/06/2011 15,287115
1408,09/06/2011 16,388086
1409,09/06/2011 17,1777091
1410,09/06/2011 18,98612
1411,09/06/2011 19,311927
1412,09/06/2011 20,29722
1413,10/06/2011 08,79513
1414,10/06/2011 09,75236
1415,10/06/2011 10,338984
1416,10/06/2011 11,179802
1417,10/06/2011 12,647368
1418,10/06/2011 13,179382
1419,10/06/2011 14,274384
1420,10/06/2011 15,478748
1421,10/06/2011 16,69994
1422,10/06/2011 17,142218
1423,12/06/2011 09,37920
1424,12/06/2011 10,144403
1425,12/06/2011 11,179407
1426,12/06/2011 12,221784
1427,12/06/2011 13,397105
1428,12/06/2011 14,159521
1429,12/06/2011 15,52695
1430,12/06/2011 16,4485
1431,13/06/2011 07,10272
1432,13/06/2011 08,219420
1433,13/06/2011 09,195253
1434,13/06/2011 10,298218
1435,13/06/2011 11,110577
1436,13/06/2011 12,187526
1437,13/06/2011 13,227742
1438,13/06/2011 14,357844
1439,13/06/2011 15,194288
1440,13/06/2011 16,85700
1441,13/06/2011 17,13320
1442,14/06/2011 08,30646
1443,14/06/2011 09,61880
1444,14/06/2011 10,153534
1445,14/06/2011 11,1691899
1446,14/06/2011 12,559511
1447,14/06/2011 13,257659
1448,14/06/2011 14,272698
1449,14/06/2011 15,107594
1450,14/06/2011 16,37100
1451,14/06/2011 17,483362
1452,15/06/2011 08,66961
1453,15/06/2011 09,59938
1454,15/06/2011 10,347584
1455,15/06/2011 11,342360
1456,15/06/2011 12,283981
1457,15/06/2011 13,2635136
1458,15/06/2011 14,361140
1459,15/06/2011 15,198475
1460,15/06/2011 16,189238
1461,16/06/2011 08,142820
1462,16/06/2011 09,350479
1463,16/06/2011 10,215831
1464,16/06/2011 11,235596
1465,16/06/2011 12,201701
1466,16/06/2011 13,187829
1467,16/06/2011 14,268003
1468,16/06/2011 15,395894
1469,16/06/2011 16,349858
1470,16/06/2011 17,288526
1471,16/06/2011 18,563605
1472,16/06/2011 19,72955
1473,17/06/2011 08,68814
1474,17/06/2011 09,205031
1475,17/06/2011 10,284433
1476,17/06/2011 11,223168
1477,17/06/2011 12,418281
1478,17/06/2011 13,316546
1479,17/06/2011 14,291960
1480,17/06/2011 15,130551
1481,17/06/2011 16,17148
1482,17/06/2011 17,660
1483,19/06/2011 10,191436
1484,19/06/2011 11,892965
1485,19/06/2011 12,354873
1486,19/06/2011 13,235293
1487,19/06/2011 14,131011
1488,19/06/2011 15,199863
1489,19/06/2011 16,62089
1490,20/06/2011 08,126611
1491,20/06/2011 09,384218
1492,20/06/2011 10,200210
1493,20/06/2011 11,157621
1494,20/06/2011 12,337914
1495,20/06/2011 13,703884
1496,20/06/2011 14,525086
1497,20/06/2011 15,658410
1498,20/06/2011 16,36281
1499,20/06/2011 17,22347
1500,21/06/2011 08,7824
1501,21/06/2011 09,231934
1502,21/06/2011 10,426486
1503,21/06/2011 11,112571
1504,21/06/2011 12,155738
1505,21/06/2011 13,184562
1506,21/06/2011 14,581002
1507,21/06/2011 15,155800
1508,21/06/2011 16,257970
1509,21/06/2011 17,74642
1510,21/06/2011 18,-4655
1511,22/06/2011 08,30981
1512,22/06/2011 09,38442
1513,22/06/2011 10,676426
1514,22/06/2011 11,152985
1515,22/06/2011 12,223003
1516,22/06/2011 13,223316
1517,22/06/2011 14,314451
1518,22/06/2011 15,180640
1519,22/06/2011 16,126626
1520,22/06/2011 17,24245
1521,23/06/2011 09,314770
1522,23/06/2011 10,321229
1523,23/06/2011 11,194709
1524,23/06/2011 12,130367
1525,23/06/2011 13,346720
1526,23/06/2011 14,334371
1527,23/06/2011 15,398199
1528,23/06/2011 16,-49824
1529,23/06/2011 17,65621
1530,23/06/2011 18,130866
1531,23/06/2011 19,131205
1532,24/06/2011 08,19190
1533,24/06/2011 09,260837
1534,24/06/2011 10,192107
1535,24/06/2011 11,66248
1536,24/06/2011 12,-929363
1537,24/06/2011 13,232553
1538,24/06/2011 14,148875
1539,24/06/2011 15,470371
1540,24/06/2011 16,130876
1541,24/06/2011 17,127284
1542,26/06/2011 10,66270
1543,26/06/2011 11,116414
1544,26/06/2011 12,70682
1545,26/06/2011 13,210974
1546,26/06/2011 14,113762
1547,26/06/2011 15,-12164
1548,26/06/2011 16,0
1549,27/06/2011 08,128526
1550,27/06/2011 09,305403
1551,27/06/2011 10,267088
1552,27/06/2011 11,10924
1553,27/06/2011 12,441155
1554,27/06/2011 13,91118
1555,27/06/2011 14,127223
1556,27/06/2011 15,196049
1557,27/06/2011 16,70455
1558,27/06/2011 17,-12192
1559,28/06/2011 08,1137872
1560,28/06/2011 09,9830
1561,28/06/2011 10,167704
1562,28/06/2011 11,670035
1563,28/06/2011 12,107774
1564,28/06/2011 13,163829
1565,28/06/2011 14,183012
1566,28/06/2011 15,841301
1567,28/06/2011 16,43772
1568,28/06/2011 17,26805
1569,29/06/2011 08,23705
1570,29/06/2011 09,97756
1571,29/06/2011 10,449739
1572,29/06/2011 11,74784
1573,29/06/2011 12,140149
1574,29/06/2011 13,211935
1575,29/06/2011 14,61910
1576,29/06/2011 15,1036820
1577,29/06/2011 16,22659
1578,30/06/2011 08,13441
1579,30/06/2011 09,62478
1580,30/06/2011 10,361919
1581,30/06/2011 11,1555856
1582,30/06/2011 12,887201
1583,30/06/2011 13,220242
1584,30/06/2011 14,193565
1585,30/06/2011 15,487889
1586,30/06/2011 16,121484
1587,30/06/2011 17,109669
1588,30/06/2011 18,100335
1589,30/06/2011 19,78764
1590,30/06/2011 20,20197
1591,01/07/2011 08,91238
1592,01/07/2011 09,143246
1593,01/07/2011 10,146505
1594,01/07/2011 11,290913
1595,01/07/2011 12,258970
1596,01/07/2011 13,123578
1597,01/07/2011 14,104029
1598,01/07/2011 15,44844
1599,01/07/2011 17,19575
1600,03/07/2011 10,102191
1601,03/07/2011 11,65823
1602,03/07/2011 12,175770
1603,03/07/2011 13,124160
1604,03/07/2011 14,15580
1605,03/07/2011 15,44960
1606,03/07/2011 16,24293
1607,04/07/2011 10,2133095
1608,04/07/2011 11,363926
1609,04/07/2011 12,569575
1610,04/07/2011 13,579013
1611,04/07/2011 14,133925
1612,04/07/2011 15,187976
1613,04/07/2011 16,369710
1614,05/07/2011 09,440771
1615,05/07/2011 10,337067
1616,05/07/2011 11,139740
1617,05/07/2011 12,459267
1618,05/07/2011 13,260032
1619,05/07/2011 14,340968
1620,05/07/2011 15,796250
1621,05/07/2011 16,618132
1622,05/07/2011 17,386246
1623,06/07/2011 09,152165
1624,06/07/2011 10,335001
1625,06/07/2011 11,214262
1626,06/07/2011 12,325701
1627,06/07/2011 13,346029
1628,06/07/2011 14,437070
1629,06/07/2011 15,149397
1630,06/07/2011 16,511866
1631,06/07/2011 17,63677
1632,07/07/2011 08,42771
1633,07/07/2011 10,323454
1634,07/07/2011 11,152430
1635,07/07/2011 12,358861
1636,07/07/2011 13,443335
1637,07/07/2011 14,400170
1638,07/07/2011 15,188446
1639,07/07/2011 16,603534
1640,07/07/2011 17,23417
1641,07/07/2011 18,346985
1642,07/07/2011 19,39349
1643,07/07/2011 20,25370
1644,08/07/2011 08,152723
1645,08/07/2011 09,88977
1646,08/07/2011 10,150904
1647,08/07/2011 11,146950
1648,08/07/2011 12,264059
1649,08/07/2011 13,844673
1650,08/07/2011 14,225077
1651,08/07/2011 15,477604
1652,08/07/2011 16,222219
1653,08/07/2011 17,11786
1654,10/07/2011 10,41753
1655,10/07/2011 11,57111
1656,10/07/2011 12,143498
1657,10/07/2011 13,47436
1658,10/07/2011 14,119802
1659,10/07/2011 15,106403
1660,10/07/2011 16,34682
1661,11/07/2011 09,27625
1662,11/07/2011 10,294320
1663,11/07/2011 11,109626
1664,11/07/2011 12,423420
1665,11/07/2011 13,253252
1666,11/07/2011 14,430538
1667,11/07/2011 15,239332
1668,11/07/2011 16,258708
1669,11/07/2011 17,68711
1670,12/07/2011 08,12998
1671,12/07/2011 09,484480
1672,12/07/2011 10,243892
1673,12/07/2011 11,106322
1674,12/07/2011 12,198404
1675,12/07/2011 13,378895
1676,12/07/2011 14,154938
1677,12/07/2011 15,272250
1678,12/07/2011 16,599394
1679,12/07/2011 17,43374
1680,13/07/2011 08,5833
1681,13/07/2011 09,76407
1682,13/07/2011 10,368308
1683,13/07/2011 11,286602
1684,13/07/2011 12,271452
1685,13/07/2011 13,211417
1686,13/07/2011 14,57172
1687,13/07/2011 15,-554676
1688,13/07/2011 16,274151
1689,13/07/2011 17,46108
1690,14/07/2011 08,134031
1691,14/07/2011 09,195503
1692,14/07/2011 10,632009
1693,14/07/2011 11,144254
1694,14/07/2011 12,211648
1695,14/07/2011 13,488723
1696,14/07/2011 14,145307
1697,14/07/2011 15,189486
1698,14/07/2011 16,599230
1699,14/07/2011 17,124141
1700,14/07/2011 18,63408
1701,14/07/2011 19,21835
1702,14/07/2011 20,68855
1703,15/07/2011 08,56460
1704,15/07/2011 09,5682
1705,15/07/2011 10,212595
1706,15/07/2011 11,173102
1707,15/07/2011 12,141175
1708,15/07/2011 13,202638
1709,15/07/2011 14,184458
1710,15/07/2011 15,28678
1711,15/07/2011 16,329330
1712,15/07/2011 17,28797
1713,17/07/2011 10,71584
1714,17/07/2011 11,426367
1715,17/07/2011 12,393877
1716,17/07/2011 13,484626
1717,17/07/2011 14,140356
1718,17/07/2011 15,149428
1719,18/07/2011 08,48093
1720,18/07/2011 09,184089
1721,18/07/2011 10,567639
1722,18/07/2011 11,515521
1723,18/07/2011 12,372094
1724,18/07/2011 13,106475
1725,18/07/2011 14,278008
1726,18/07/2011 15,571094
1727,18/07/2011 16,48875
1728,18/07/2011 17,62502
1729,19/07/2011 09,1564697
1730,19/07/2011 10,144682
1731,19/07/2011 11,582704
1732,19/07/2011 12,385893
1733,19/07/2011 13,431790
1734,19/07/2011 14,198482
1735,19/07/2011 15,1169419
1736,19/07/2011 16,140221
1737,19/07/2011 17,64499
1738,20/07/2011 08,60299
1739,20/07/2011 09,100792
1740,20/07/2011 10,177268
1741,20/07/2011 11,438526
1742,20/07/2011 12,443463
1743,20/07/2011 13,440989
1744,20/07/2011 14,539422
1745,20/07/2011 15,91576
1746,20/07/2011 16,575430
1747,20/07/2011 17,125
1748,21/07/2011 08,39691
1749,21/07/2011 09,257890
1750,21/07/2011 10,333884
1751,21/07/2011 11,92910
1752,21/07/2011 12,502551
1753,21/07/2011 13,161117
1754,21/07/2011 14,128594
1755,21/07/2011 15,195148
1756,21/07/2011 16,456303
1757,21/07/2011 17,422550
1758,21/07/2011 18,288654
1759,21/07/2011 19,51139
1760,22/07/2011 08,0
1761,22/07/2011 09,623241
1762,22/07/2011 10,150635
1763,22/07/2011 11,280223
1764,22/07/2011 12,161588
1765,22/07/2011 13,342000
1766,22/07/2011 14,137248
1767,22/07/2011 15,127104
1768,22/07/2011 16,55453
1769,22/07/2011 17,29567
1770,24/07/2011 10,319581
1771,24/07/2011 11,337442
1772,24/07/2011 12,369634
1773,24/07/2011 13,908877
1774,24/07/2011 14,114025
1775,24/07/2011 15,367741
1776,24/07/2011 16,91297
1777,25/07/2011 08,26527
1778,25/07/2011 09,198651
1779,25/07/2011 10,312861
1780,25/07/2011 11,306351
1781,25/07/2011 12,320541
1782,25/07/2011 13,271977
1783,25/07/2011 14,72858
1784,25/07/2011 15,116683
1785,25/07/2011 16,481440
1786,25/07/2011 17,426236
1787,26/07/2011 08,30120
1788,26/07/2011 09,215803
1789,26/07/2011 10,128402
1790,26/07/2011 11,237391
1791,26/07/2011 12,441457
1792,26/07/2011 13,115373
1793,26/07/2011 14,295815
1794,26/07/2011 15,294382
1795,26/07/2011 16,284649
1796,26/07/2011 17,24888
1797,27/07/2011 08,36935
1798,27/07/2011 09,495499
1799,27/07/2011 10,562252
1800,27/07/2011 11,86822
1801,27/07/2011 12,108947
1802,27/07/2011 13,503533
1803,27/07/2011 14,215235
1804,27/07/2011 15,405936
1805,27/07/2011 17,16991
1806,28/07/2011 08,49804
1807,28/07/2011 09,355572
1808,28/07/2011 10,155939
1809,28/07/2011 11,154725
1810,28/07/2011 12,235683
1811,28/07/2011 13,83511
1812,28/07/2011 14,1469556
1813,28/07/2011 15,1220441
1814,28/07/2011 16,1046296
1815,28/07/2011 17,366526
1816,28/07/2011 18,98663
1817,28/07/2011 19,30420
1818,29/07/2011 08,78787
1819,29/07/2011 09,139984
1820,29/07/2011 10,199130
1821,29/07/2011 11,227563
1822,29/07/2011 12,197656
1823,29/07/2011 13,282620
1824,29/07/2011 14,137153
1825,29/07/2011 15,191438
1826,29/07/2011 16,223161
1827,29/07/2011 17,32542
1828,31/07/2011 10,209027
1829,31/07/2011 11,388594
1830,31/07/2011 12,377439
1831,31/07/2011 13,162398
1832,31/07/2011 14,78263
1833,31/07/2011 15,2016380
1834,31/07/2011 16,25302
1835,01/08/2011 08,30456
1836,01/08/2011 09,17850
1837,01/08/2011 10,270593
1838,01/08/2011 11,124857
1839,01/08/2011 12,362606
1840,01/08/2011 13,213331
1841,01/08/2011 14,223283
1842,01/08/2011 15,45567
1843,01/08/2011 16,413452
1844,01/08/2011 17,292215
1845,02/08/2011 08,92565
1846,02/08/2011 09,162114
1847,02/08/2011 10,722218
1848,02/08/2011 11,27159
1849,02/08/2011 12,-890326
1850,02/08/2011 13,84378
1851,02/08/2011 14,672833
1852,02/08/2011 15,136452
1853,02/08/2011 16,288422
1854,02/08/2011 17,120828
1855,03/08/2011 08,20177
1856,03/08/2011 09,273675
1857,03/08/2011 10,512281
1858,03/08/2011 11,276910
1859,03/08/2011 12,494900
1860,03/08/2011 13,189947
1861,03/08/2011 14,389608
1862,03/08/2011 15,155189
1863,03/08/2011 16,231296
1864,03/08/2011 17,20032
1865,04/08/2011 08,6042
1866,04/08/2011 09,54290
1867,04/08/2011 10,629756
1868,04/08/2011 11,134169
1869,04/08/2011 12,831328
1870,04/08/2011 13,314393
1871,04/08/2011 14,369646
1872,04/08/2011 15,385809
1873,04/08/2011 16,558556
1874,04/08/2011 17,340129
1875,04/08/2011 18,2055994
1876,04/08/2011 19,186347
1877,04/08/2011 20,24654
1878,05/08/2011 08,55064
1879,05/08/2011 09,35642
1880,05/08/2011 10,111186
1881,05/08/2011 11,405015
1882,05/08/2011 12,172021
1883,05/08/2011 13,170787
1884,05/08/2011 14,129530
1885,05/08/2011 15,385912
1886,05/08/2011 16,347496
1887,05/08/2011 17,168551
1888,07/08/2011 10,86714
1889,07/08/2011 11,20780
1890,07/08/2011 12,159718
1891,07/08/2011 13,129597
1892,07/08/2011 14,187229
1893,07/08/2011 15,119552
1894,08/08/2011 09,31875
1895,08/08/2011 10,233143
1896,08/08/2011 11,540217
1897,08/08/2011 12,-185225
1898,08/08/2011 13,362450
1899,08/08/2011 14,113771
1900,08/08/2011 15,589196
1901,08/08/2011 16,153619
1902,09/08/2011 09,66661
1903,09/08/2011 10,248680
1904,09/08/2011 11,123427
1905,09/08/2011 12,282058
1906,09/08/2011 13,1360353
1907,09/08/2011 14,217774
1908,09/08/2011 15,20015
1909,09/08/2011 16,79364
1910,09/08/2011 17,161001
1911,10/08/2011 08,32687
1912,10/08/2011 09,487832
1913,10/08/2011 10,778004
1914,10/08/2011 11,67573
1915,10/08/2011 12,237515
1916,10/08/2011 13,154310
1917,10/08/2011 14,183898
1918,10/08/2011 15,110626
1919,10/08/2011 16,516418
1920,10/08/2011 17,13526
1921,11/08/2011 08,115471
1922,11/08/2011 09,196972
1923,11/08/2011 10,1930653
1924,11/08/2011 11,332246
1925,11/08/2011 12,333017
1926,11/08/2011 13,126144
1927,11/08/2011 14,276181
1928,11/08/2011 15,1180049
1929,11/08/2011 16,1993000
1930,11/08/2011 17,265155
1931,12/08/2011 09,334932
1932,12/08/2011 10,43849
1933,12/08/2011 11,189065
1934,12/08/2011 12,586590
1935,12/08/2011 13,105977
1936,12/08/2011 14,-842287
1937,12/08/2011 15,68671
1938,12/08/2011 16,413769
1939,14/08/2011 09,-375
1940,14/08/2011 10,89680
1941,14/08/2011 11,47266
1942,14/08/2011 12,249706
1943,14/08/2011 13,44796
1944,14/08/2011 14,-53786
1945,14/08/2011 15,112927
1946,15/08/2011 08,21385
1947,15/08/2011 09,83762
1948,15/08/2011 10,317050
1949,15/08/2011 11,65945
1950,15/08/2011 12,451590
1951,15/08/2011 13,151279
1952,15/08/2011 14,428666
1953,15/08/2011 15,89092
1954,15/08/2011 16,17681
1955,16/08/2011 08,56010
1956,16/08/2011 09,106356
1957,16/08/2011 10,160801
1958,16/08/2011 11,563381
1959,16/08/2011 12,194155
1960,16/08/2011 13,448961
1961,16/08/2011 14,154410
1962,16/08/2011 15,61898
1963,16/08/2011 16,18858
1964,16/08/2011 17,51428
1965,17/08/2011 08,56874
1966,17/08/2011 09,127758
1967,17/08/2011 10,198780
1968,17/08/2011 11,205136
1969,17/08/2011 12,704488
1970,17/08/2011 13,565770
1971,17/08/2011 14,1101552
1972,17/08/2011 15,135091
1973,17/08/2011 16,62685
1974,17/08/2011 17,28229
1975,17/08/2011 19,83580
1976,17/08/2011 20,989626
1977,18/08/2011 06,-26380
1978,18/08/2011 08,2625115
1979,18/08/2011 09,97340
1980,18/08/2011 10,569510
1981,18/08/2011 11,278132
1982,18/08/2011 12,339857
1983,18/08/2011 13,180423
1984,18/08/2011 14,88567
1985,18/08/2011 15,167198
1986,18/08/2011 16,215608
1987,18/08/2011 17,374081
1988,18/08/2011 18,111814
1989,18/08/2011 19,8415
1990,18/08/2011 20,23121
1991,19/08/2011 08,36660
1992,19/08/2011 09,182081
1993,19/08/2011 10,286377
1994,19/08/2011 11,360236
1995,19/08/2011 12,174036
1996,19/08/2011 13,106577
1997,19/08/2011 14,220185
1998,19/08/2011 15,165970
1999,19/08/2011 16,49734
2000,19/08/2011 17,9807
2001,21/08/2011 09,-970
2002,21/08/2011 10,105643
2003,21/08/2011 11,327788
2004,21/08/2011 12,283931
2005,21/08/2011 13,193370
2006,21/08/2011 14,185889
2007,21/08/2011 15,236110
2008,21/08/2011 16,38821
2009,22/08/2011 09,270903
2010,22/08/2011 10,650561
2011,22/08/2011 11,171763
2012,22/08/2011 12,419211
2013,22/08/2011 13,576241
2014,22/08/2011 14,371701
2015,22/08/2011 15,308913
2016,22/08/2011 17,-164250
2017,23/08/2011 08,30492
2018,23/08/2011 09,431307
2019,23/08/2011 10,248607
2020,23/08/2011 11,309299
2021,23/08/2011 12,370007
2022,23/08/2011 13,310184
2023,23/08/2011 14,273779
2024,23/08/2011 15,176482
2025,23/08/2011 16,105049
2026,23/08/2011 17,94623
2027,24/08/2011 08,74945
2028,24/08/2011 09,547707
2029,24/08/2011 10,822122
2030,24/08/2011 11,121967
2031,24/08/2011 12,1178757
2032,24/08/2011 13,927303
2033,24/08/2011 14,-669174
2034,24/08/2011 15,282426
2035,24/08/2011 16,121017
2036,25/08/2011 08,39198
2037,25/08/2011 09,224051
2038,25/08/2011 10,311401
2039,25/08/2011 11,190484
2040,25/08/2011 12,306474
2041,25/08/2011 13,159194
2042,25/08/2011 14,348140
2043,25/08/2011 15,364714
2044,25/08/2011 16,-250
2045,25/08/2011 17,94921
2046,25/08/2011 18,16380
2047,25/08/2011 19,33465
2048,26/08/2011 08,33135
2049,26/08/2011 09,187464
2050,26/08/2011 10,109456
2051,26/08/2011 11,455144
2052,26/08/2011 12,148394
2053,26/08/2011 13,278661
2054,26/08/2011 14,1073596
2055,26/08/2011 15,140734
2056,28/08/2011 10,98831
2057,28/08/2011 11,92147
2058,28/08/2011 12,291709
2059,28/08/2011 13,289542
2060,28/08/2011 14,119775
2061,28/08/2011 15,93172
2062,28/08/2011 16,36845
2063,30/08/2011 08,22782
2064,30/08/2011 09,41685
2065,30/08/2011 10,1120309
2066,30/08/2011 11,179420
2067,30/08/2011 12,1307662
2068,30/08/2011 13,205933
2069,30/08/2011 14,21482
2070,30/08/2011 15,126136
2071,30/08/2011 16,57313
2072,30/08/2011 17,9647
2073,31/08/2011 08,11568
2074,31/08/2011 09,790596
2075,31/08/2011 10,233108
2076,31/08/2011 11,170979
2077,31/08/2011 12,71948
2078,31/08/2011 13,-190497
2079,31/08/2011 14,70951
2080,31/08/2011 15,459138
2081,31/08/2011 16,182955
2082,31/08/2011 17,-329958
2083,01/09/2011 08,4000
2084,01/09/2011 09,78107
2085,01/09/2011 10,144151
2086,01/09/2011 11,646273
2087,01/09/2011 12,245446
2088,01/09/2011 13,436579
2089,01/09/2011 14,718994
2090,01/09/2011 15,190210
2091,01/09/2011 16,290740
2092,01/09/2011 17,553000
2093,01/09/2011 18,157597
2094,01/09/2011 19,69749
2095,02/09/2011 08,27060
2096,02/09/2011 09,1111795
2097,02/09/2011 10,435490
2098,02/09/2011 11,815802
2099,02/09/2011 12,183158
2100,02/09/2011 13,313588
2101,02/09/2011 14,151325
2102,02/09/2011 15,467599
2103,02/09/2011 16,256296
2104,02/09/2011 17,37859
2105,04/09/2011 10,36724
2106,04/09/2011 11,316702
2107,04/09/2011 12,273848
2108,04/09/2011 13,322569
2109,04/09/2011 14,288684
2110,04/09/2011 15,239986
2111,04/09/2011 16,100054
2112,05/09/2011 09,469723
2113,05/09/2011 10,1069450
2114,05/09/2011 11,468654
2115,05/09/2011 12,277964
2116,05/09/2011 13,211671
2117,05/09/2011 14,231343
2118,05/09/2011 15,438022
2119,05/09/2011 16,67930
2120,05/09/2011 17,118366
2121,06/09/2011 08,14426
2122,06/09/2011 09,429678
2123,06/09/2011 10,146776
2124,06/09/2011 11,237510
2125,06/09/2011 12,816659
2126,06/09/2011 13,113478
2127,06/09/2011 14,617658
2128,06/09/2011 15,168044
2129,06/09/2011 16,26925
2130,07/09/2011 08,35348
2131,07/09/2011 09,184792
2132,07/09/2011 10,360593
2133,07/09/2011 11,376042
2134,07/09/2011 12,1034182
2135,07/09/2011 13,217497
2136,07/09/2011 14,275005
2137,07/09/2011 15,348885
2138,07/09/2011 16,396603
2139,08/09/2011 08,57572
2140,08/09/2011 09,58972
2141,08/09/2011 10,605099
2142,08/09/2011 11,336186
2143,08/09/2011 12,560219
2144,08/09/2011 13,330688
2145,08/09/2011 14,150436
2146,08/09/2011 15,359158
2147,08/09/2011 16,0
2148,08/09/2011 17,-33895
2149,08/09/2011 18,3777
2150,08/09/2011 19,30683
2151,09/09/2011 08,29900
2152,09/09/2011 09,201559
2153,09/09/2011 10,406600
2154,09/09/2011 11,486812
2155,09/09/2011 12,142339
2156,09/09/2011 13,549952
2157,09/09/2011 14,159539
2158,09/09/2011 15,605461
2159,09/09/2011 16,161498
2160,09/09/2011 17,1899
2161,11/09/2011 10,395063
2162,11/09/2011 11,326950
2163,11/09/2011 12,1037632
2164,11/09/2011 13,451641
2165,11/09/2011 14,592001
2166,11/09/2011 15,458683
2167,11/09/2011 16,37329
2168,12/09/2011 08,26958
2169,12/09/2011 09,428784
2170,12/09/2011 10,125232
2171,12/09/2011 11,131565
2172,12/09/2011 12,503954
2173,12/09/2011 13,587206
2174,12/09/2011 14,309964
2175,12/09/2011 15,486014
2176,12/09/2011 16,169910
2177,12/09/2011 17,-8408
2178,12/09/2011 18,-50361
2179,13/09/2011 09,449171
2180,13/09/2011 10,152275
2181,13/09/2011 11,1838897
2182,13/09/2011 12,530724
2183,13/09/2011 13,886970
2184,13/09/2011 14,268970
2185,13/09/2011 15,685175
2186,13/09/2011 16,406421
2187,13/09/2011 17,45830
2188,14/09/2011 08,24530
2189,14/09/2011 09,439824
2190,14/09/2011 10,254287
2191,14/09/2011 11,471347
2192,14/09/2011 12,261504
2193,14/09/2011 13,211510
2194,14/09/2011 14,197167
2195,14/09/2011 15,317908
2196,14/09/2011 16,64317
2197,14/09/2011 17,0
2198,15/09/2011 08,24210
2199,15/09/2011 09,195391
2200,15/09/2011 10,1105750
2201,15/09/2011 11,262098
2202,15/09/2011 12,602945
2203,15/09/2011 13,-861391
2204,15/09/2011 14,400543
2205,15/09/2011 15,3600987
2206,15/09/2011 16,420822
2207,15/09/2011 17,39412
2208,15/09/2011 18,51850
2209,15/09/2011 19,17694
2210,16/09/2011 08,-2335
2211,16/09/2011 09,538564
2212,16/09/2011 10,370560
2213,16/09/2011 11,329918
2214,16/09/2011 12,378484
2215,16/09/2011 13,291589
2216,16/09/2011 14,161198
2217,16/09/2011 15,187066
2218,16/09/2011 16,30978
2219,16/09/2011 17,81363
2220,18/09/2011 10,216009
2221,18/09/2011 11,153543
2222,18/09/2011 12,237123
2223,18/09/2011 13,157537
2224,18/09/2011 14,98414
2225,18/09/2011 15,569560
2226,18/09/2011 16,33583
2227,19/09/2011 08,-165
2228,19/09/2011 09,228326
2229,19/09/2011 10,411448
2230,19/09/2011 11,1638347
2231,19/09/2011 12,374147
2232,19/09/2011 13,872830
2233,19/09/2011 14,333255
2234,19/09/2011 15,382557
2235,19/09/2011 16,32167
2236,19/09/2011 17,0
2237,20/09/2011 08,32714
2238,20/09/2011 09,545439
2239,20/09/2011 10,1951739
2240,20/09/2011 11,3028932
2241,20/09/2011 12,1246715
2242,20/09/2011 13,368356
2243,20/09/2011 14,705898
2244,20/09/2011 15,137704
2245,20/09/2011 16,5735
2246,21/09/2011 08,60611
2247,21/09/2011 09,180476
2248,21/09/2011 10,203206
2249,21/09/2011 11,582937
2250,21/09/2011 12,305074
2251,21/09/2011 13,391603
2252,21/09/2011 14,693283
2253,21/09/2011 15,1512248
2254,21/09/2011 16,-988
2255,21/09/2011 17,-44614
2256,22/09/2011 08,40264
2257,22/09/2011 09,30055
2258,22/09/2011 10,710215
2259,22/09/2011 11,484047
2260,22/09/2011 12,1042338
2261,22/09/2011 13,889303
2262,22/09/2011 14,500836
2263,22/09/2011 15,488153
2264,22/09/2011 16,458135
2265,22/09/2011 17,441921
2266,22/09/2011 18,192509
2267,22/09/2011 19,61186
2268,23/09/2011 07,-4989
2269,23/09/2011 08,-8490
2270,23/09/2011 09,530514
2271,23/09/2011 10,258416
2272,23/09/2011 11,326875
2273,23/09/2011 12,864624
2274,23/09/2011 13,368105
2275,23/09/2011 14,543817
2276,23/09/2011 15,270375
2277,23/09/2011 16,27692
2278,23/09/2011 17,406699
2279,25/09/2011 10,127662
2280,25/09/2011 11,514455
2281,25/09/2011 12,666206
2282,25/09/2011 13,350653
2283,25/09/2011 14,764253
2284,25/09/2011 15,403071
2285,25/09/2011 16,49732
2286,26/09/2011 07,53550
2287,26/09/2011 08,54408
2288,26/09/2011 09,59323
2289,26/09/2011 10,196796
2290,26/09/2011 11,186353
2291,26/09/2011 12,413433
2292,26/09/2011 13,659314
2293,26/09/2011 14,258746
2294,26/09/2011 15,552672
2295,26/09/2011 16,34569
2296,26/09/2011 17,159228
2297,27/09/2011 08,54017
2298,27/09/2011 09,80971
2299,27/09/2011 10,899083
2300,27/09/2011 11,430186
2301,27/09/2011 12,607472
2302,27/09/2011 13,408882
2303,27/09/2011 14,432741
2304,27/09/2011 15,192105
2305,27/09/2011 16,32525
2306,27/09/2011 17,41632
2307,27/09/2011 18,196144
2308,28/09/2011 08,46245
2309,28/09/2011 09,235551
2310,28/09/2011 10,353140
2311,28/09/2011 11,290159
2312,28/09/2011 12,571905
2313,28/09/2011 13,725153
2314,28/09/2011 14,523173
2315,28/09/2011 15,495219
2316,28/09/2011 16,886196
2317,29/09/2011 08,445734
2318,29/09/2011 09,363944
2319,29/09/2011 10,508416
2320,29/09/2011 11,47838
2321,29/09/2011 12,414166
2322,29/09/2011 13,803307
2323,29/09/2011 14,251226
2324,29/09/2011 15,554783
2325,29/09/2011 16,288614
2326,29/09/2011 17,220119
2327,29/09/2011 18,185349
2328,29/09/2011 19,24320
2329,30/09/2011 07,568564
2330,30/09/2011 08,85243
2331,30/09/2011 09,325188
2332,30/09/2011 10,490272
2333,30/09/2011 11,324283
2334,30/09/2011 12,514045
2335,30/09/2011 13,456124
2336,30/09/2011 14,483756
2337,30/09/2011 15,219498
2338,30/09/2011 16,830
2339,30/09/2011 17,181809
2340,02/10/2011 10,124668
2341,02/10/2011 11,90552
2342,02/10/2011 12,196653
2343,02/10/2011 13,264791
2344,02/10/2011 14,221158
2345,02/10/2011 15,201122
2346,03/10/2011 08,60924
2347,03/10/2011 09,463209
2348,03/10/2011 10,402917
2349,03/10/2011 11,1369767
2350,03/10/2011 12,321507
2351,03/10/2011 13,434901
2352,03/10/2011 14,1409282
2353,03/10/2011 15,607099
2354,03/10/2011 16,1012082
2355,03/10/2011 17,15385
2356,04/10/2011 08,233904
2357,04/10/2011 09,753276
2358,04/10/2011 10,948917
2359,04/10/2011 11,368611
2360,04/10/2011 12,544530
2361,04/10/2011 13,806971
2362,04/10/2011 14,327144
2363,04/10/2011 15,251887
2364,04/10/2011 16,369647
2365,04/10/2011 17,-10780
2366,05/10/2011 08,337761
2367,05/10/2011 09,500248
2368,05/10/2011 10,2160714
2369,05/10/2011 11,279844
2370,05/10/2011 12,2527388
2371,05/10/2011 13,405819
2372,05/10/2011 14,283836
2373,05/10/2011 15,501834
2374,05/10/2011 16,94985
2375,05/10/2011 17,51089
2376,06/10/2011 08,53620
2377,06/10/2011 09,515289
2378,06/10/2011 10,220274
2379,06/10/2011 11,1439043
2380,06/10/2011 12,246229
2381,06/10/2011 13,1094475
2382,06/10/2011 14,748719
2383,06/10/2011 15,316575
2384,06/10/2011 16,641305
2385,06/10/2011 17,210897
2386,06/10/2011 18,116802
2387,06/10/2011 19,-65521
2388,06/10/2011 20,-271256
2389,07/10/2011 08,183034
2390,07/10/2011 09,321789
2391,07/10/2011 10,-78629
2392,07/10/2011 11,1162673
2393,07/10/2011 12,1341573
2394,07/10/2011 13,276007
2395,07/10/2011 14,443557
2396,07/10/2011 15,701696
2397,07/10/2011 16,17505
2398,09/10/2011 10,101417
2399,09/10/2011 11,89542
2400,09/10/2011 12,148803
2401,09/10/2011 13,307790
2402,09/10/2011 14,64813
2403,09/10/2011 15,288158
2404,09/10/2011 16,105004
2405,10/10/2011 08,159336
2406,10/10/2011 09,744327
2407,10/10/2011 10,636492
2408,10/10/2011 11,246205
2409,10/10/2011 12,566875
2410,10/10/2011 13,503236
2411,10/10/2011 14,448505
2412,10/10/2011 15,183704
2413,10/10/2011 16,407698
2414,10/10/2011 17,344019
2415,11/10/2011 08,132097
2416,11/10/2011 09,331853
2417,11/10/2011 10,701995
2418,11/10/2011 11,188138
2419,11/10/2011 12,229915
2420,11/10/2011 13,184137
2421,11/10/2011 14,1176349
2422,11/10/2011 15,270546
2423,11/10/2011 16,445119
2424,12/10/2011 08,33288
2425,12/10/2011 09,392552
2426,12/10/2011 10,398706
2427,12/10/2011 11,239066
2428,12/10/2011 12,575774
2429,12/10/2011 13,180445
2430,12/10/2011 14,322269
2431,12/10/2011 15,269932
2432,12/10/2011 16,242463
2433,12/10/2011 17,53796
2434,13/10/2011 08,62818
2435,13/10/2011 09,104868
2436,13/10/2011 10,661271
2437,13/10/2011 11,216162
2438,13/10/2011 12,902709
2439,13/10/2011 13,237855
2440,13/10/2011 14,698985
2441,13/10/2011 15,423654
2442,13/10/2011 16,86686
2443,13/10/2011 17,42942
2444,14/10/2011 08,6630
2445,14/10/2011 09,475621
2446,14/10/2011 10,252733
2447,14/10/2011 11,401915
2448,14/10/2011 12,537566
2449,14/10/2011 13,363843
2450,14/10/2011 14,364646
2451,14/10/2011 15,339715
2452,14/10/2011 16,96591
2453,14/10/2011 17,456044
2454,16/10/2011 10,41241
2455,16/10/2011 11,88832
2456,16/10/2011 12,473558
2457,16/10/2011 13,888879
2458,16/10/2011 14,74675
2459,16/10/2011 15,396640
2460,16/10/2011 16,77289
2461,17/10/2011 08,320275
2462,17/10/2011 09,466019
2463,17/10/2011 10,928202
2464,17/10/2011 11,412707
2465,17/10/2011 12,619413
2466,17/10/2011 13,1164644
2467,17/10/2011 14,276429
2468,17/10/2011 15,304304
2469,17/10/2011 16,40949
2470,17/10/2011 17,25188
2471,18/10/2011 07,119331
2472,18/10/2011 08,102788
2473,18/10/2011 09,583984
2474,18/10/2011 10,458706
2475,18/10/2011 11,107704
2476,18/10/2011 12,1041124
2477,18/10/2011 13,574944
2478,18/10/2011 14,313750
2479,18/10/2011 15,307150
2480,18/10/2011 16,239189
2481,18/10/2011 17,340308
2482,19/10/2011 08,58910
2483,19/10/2011 09,251252
2484,19/10/2011 10,585441
2485,19/10/2011 11,718975
2486,19/10/2011 12,555160
2487,19/10/2011 13,398342
2488,19/10/2011 14,239689
2489,19/10/2011 15,286530
2490,19/10/2011 16,305395
2491,19/10/2011 17,165
2492,20/10/2011 08,48926
2493,20/10/2011 09,491129
2494,20/10/2011 10,323932
2495,20/10/2011 11,375083
2496,20/10/2011 12,2962771
2497,20/10/2011 13,533714
2498,20/10/2011 14,592356
2499,20/10/2011 15,200032
2500,20/10/2011 16,15937
2501,20/10/2011 17,52855
2502,20/10/2011 18,33280
2503,20/10/2011 19,58906
2504,21/10/2011 08,338484
2505,21/10/2011 09,202107
2506,21/10/2011 10,658264
2507,21/10/2011 11,1154325
2508,21/10/2011 12,2285097
2509,21/10/2011 13,307407
2510,21/10/2011 14,395203
2511,21/10/2011 15,254503
2512,21/10/2011 16,72824
2513,23/10/2011 09,-1570
2514,23/10/2011 10,51440
2515,23/10/2011 11,120039
2516,23/10/2011 12,177965
2517,23/10/2011 13,141909
2518,23/10/2011 14,123146
2519,23/10/2011 15,381448
2520,23/10/2011 16,117334
2521,24/10/2011 08,55546
2522,24/10/2011 09,621138
2523,24/10/2011 10,214030
2524,24/10/2011 11,89442
2525,24/10/2011 12,296240
2526,24/10/2011 13,179375
2527,24/10/2011 14,371781
2528,24/10/2011 15,124351
2529,24/10/2011 16,553613
2530,24/10/2011 17,894778
2531,25/10/2011 08,184577
2532,25/10/2011 09,77723
2533,25/10/2011 10,315727
2534,25/10/2011 11,123522
2535,25/10/2011 12,561331
2536,25/10/2011 13,674281
2537,25/10/2011 14,730948
2538,25/10/2011 15,692194
2539,25/10/2011 16,104321
2540,25/10/2011 17,109906
2541,25/10/2011 18,234257
2542,26/10/2011 08,14268
2543,26/10/2011 09,81589
2544,26/10/2011 10,802009
2545,26/10/2011 11,185568
2546,26/10/2011 12,519969
2547,26/10/2011 13,781623
2548,26/10/2011 14,558463
2549,26/10/2011 15,242440
2550,26/10/2011 16,199247
2551,26/10/2011 17,9800
2552,27/10/2011 08,102846
2553,27/10/2011 09,59551
2554,27/10/2011 10,429604
2555,27/10/2011 11,111840
2556,27/10/2011 12,1279849
2557,27/10/2011 13,406475
2558,27/10/2011 14,514628
2559,27/10/2011 15,257803
2560,27/10/2011 16,499398
2561,27/10/2011 17,460049
2562,27/10/2011 18,75859
2563,27/10/2011 19,4036
2564,27/10/2011 20,139808
2565,28/10/2011 07,835171
2566,28/10/2011 08,288518
2567,28/10/2011 09,237857
2568,28/10/2011 10,289504
2569,28/10/2011 11,265157
2570,28/10/2011 12,808383
2571,28/10/2011 13,564185
2572,28/10/2011 14,298809
2573,28/10/2011 15,65448
2574,28/10/2011 16,113328
2575,28/10/2011 17,69021
2576,28/10/2011 18,425
2577,30/10/2011 10,400963
2578,30/10/2011 11,495302
2579,30/10/2011 12,397196
2580,30/10/2011 13,633836
2581,30/10/2011 14,573090
2582,30/10/2011 15,487365
2583,30/10/2011 16,174366
2584,31/10/2011 08,38741
2585,31/10/2011 09,347708
2586,31/10/2011 10,449764
2587,31/10/2011 11,234098
2588,31/10/2011 12,462157
2589,31/10/2011 13,-112316
2590,31/10/2011 14,2748167
2591,31/10/2011 15,341666
2592,31/10/2011 16,134552
2593,31/10/2011 17,18202
2594,01/11/2011 08,70437
2595,01/11/2011 09,312900
2596,01/11/2011 10,474626
2597,01/11/2011 11,407579
2598,01/11/2011 12,402334
2599,01/11/2011 13,302762
2600,01/11/2011 14,332284
2601,01/11/2011 15,293116
2602,01/11/2011 17,27953
2603,01/11/2011 18,0
2604,02/11/2011 08,20492
2605,02/11/2011 09,79645
2606,02/11/2011 10,285521
2607,02/11/2011 11,492621
2608,02/11/2011 12,631213
2609,02/11/2011 13,496129
2610,02/11/2011 14,1450734
2611,02/11/2011 15,758238
2612,02/11/2011 16,77921
2613,02/11/2011 17,51725
2614,03/11/2011 08,69168
2615,03/11/2011 09,820826
2616,03/11/2011 10,179100
2617,03/11/2011 11,302946
2618,03/11/2011 12,324747
2619,03/11/2011 13,176151
2620,03/11/2011 14,525183
2621,03/11/2011 15,1856586
2622,03/11/2011 16,513861
2623,03/11/2011 17,107331
2624,03/11/2011 18,52125
2625,03/11/2011 19,149935
2626,04/11/2011 07,149400
2627,04/11/2011 08,73176
2628,04/11/2011 09,1032506
2629,04/11/2011 10,1972016
2630,04/11/2011 11,315172
2631,04/11/2011 12,322507
2632,04/11/2011 13,312617
2633,04/11/2011 14,830830
2634,04/11/2011 15,527921
2635,04/11/2011 16,17644
2636,04/11/2011 17,47357
2637,04/11/2011 18,-113602
2638,06/11/2011 09,39960
2639,06/11/2011 10,236949
2640,06/11/2011 11,408111
2641,06/11/2011 12,895966
2642,06/11/2011 13,412849
2643,06/11/2011 14,920845
2644,06/11/2011 15,366768
2645,06/11/2011 16,687646
2646,07/11/2011 07,27146
2647,07/11/2011 08,132130
2648,07/11/2011 09,122512
2649,07/11/2011 10,131113
2650,07/11/2011 11,504179
2651,07/11/2011 12,767922
2652,07/11/2011 13,205714
2653,07/11/2011 14,296361
2654,07/11/2011 15,-1108529
2655,07/11/2011 16,364448
2656,07/11/2011 17,5188931
2657,08/11/2011 07,17064
2658,08/11/2011 08,30140
2659,08/11/2011 09,556254
2660,08/11/2011 10,664717
2661,08/11/2011 11,317078
2662,08/11/2011 12,648306
2663,08/11/2011 13,453670
2664,08/11/2011 14,408372
2665,08/11/2011 15,1231021
2666,08/11/2011 16,103073
2667,08/11/2011 17,152003
2668,08/11/2011 18,779732
2669,09/11/2011 08,285215
2670,09/11/2011 09,508990
2671,09/11/2011 10,673172
2672,09/11/2011 11,1168393
2673,09/11/2011 12,400609
2674,09/11/2011 13,1347876
2675,09/11/2011 14,141357
2676,09/11/2011 15,403324
2677,09/11/2011 16,693262
2678,09/11/2011 17,348332
2679,10/11/2011 08,38793
2680,10/11/2011 09,213564
2681,10/11/2011 10,1812895
2682,10/11/2011 11,318714
2683,10/11/2011 12,925728
2684,10/11/2011 13,290784
2685,10/11/2011 14,582666
2686,10/11/2011 15,711603
2687,10/11/2011 16,773601
2688,10/11/2011 17,188135
2689,10/11/2011 18,298460
2690,10/11/2011 19,205061
2691,10/11/2011 20,13944
2692,11/11/2011 08,120345
2693,11/11/2011 09,484513
2694,11/11/2011 10,889730
2695,11/11/2011 11,260273
2696,11/11/2011 12,827060
2697,11/11/2011 13,664046
2698,11/11/2011 14,289912
2699,11/11/2011 15,241645
2700,11/11/2011 16,330325
2701,11/11/2011 17,1014010
2702,13/11/2011 10,220845
2703,13/11/2011 11,862743
2704,13/11/2011 12,360356
2705,13/11/2011 13,439573
2706,13/11/2011 14,520418
2707,13/11/2011 15,522946
2708,13/11/2011 16,245321
2709,14/11/2011 08,492546
2710,14/11/2011 09,195612
2711,14/11/2011 10,506050
2712,14/11/2011 11,854148
2713,14/11/2011 12,590516
2714,14/11/2011 13,496837
2715,14/11/2011 14,507348
2716,14/11/2011 15,1460484
2717,14/11/2011 16,443336
2718,14/11/2011 17,4937055
2719,14/11/2011 18,0
2720,15/11/2011 08,760155
2721,15/11/2011 09,250339
2722,15/11/2011 10,1031843
2723,15/11/2011 11,234157
2724,15/11/2011 12,401051
2725,15/11/2011 13,445956
2726,15/11/2011 14,612618
2727,15/11/2011 15,509850
2728,15/11/2011 16,631376
2729,15/11/2011 17,594675
2730,16/11/2011 08,130100
2731,16/11/2011 09,188334
2732,16/11/2011 10,1463503
2733,16/11/2011 11,466259
2734,16/11/2011 12,692145
2735,16/11/2011 13,779338
2736,16/11/2011 14,191455
2737,16/11/2011 15,1795448
2738,16/11/2011 16,349334
2739,16/11/2011 17,149739
2740,17/11/2011 08,231183
2741,17/11/2011 09,410923
2742,17/11/2011 10,756838
2743,17/11/2011 11,468665
2744,17/11/2011 12,778464
2745,17/11/2011 13,616637
2746,17/11/2011 14,666994
2747,17/11/2011 15,824409
2748,17/11/2011 16,306394
2749,17/11/2011 17,227716
2750,17/11/2011 18,76174
2751,17/11/2011 19,228469
2752,17/11/2011 20,-165
2753,18/11/2011 08,121533
2754,18/11/2011 09,1165393
2755,18/11/2011 10,391333
2756,18/11/2011 11,383145
2757,18/11/2011 12,414226
2758,18/11/2011 13,689206
2759,18/11/2011 14,324180
2760,18/11/2011 15,641980
2761,18/11/2011 16,49301
2762,18/11/2011 17,293204
2763,20/11/2011 10,356332
2764,20/11/2011 11,857556
2765,20/11/2011 12,610068
2766,20/11/2011 13,890468
2767,20/11/2011 14,308159
2768,20/11/2011 15,207955
2769,20/11/2011 16,47065
2770,21/11/2011 08,284736
2771,21/11/2011 09,254700
2772,21/11/2011 10,332201
2773,21/11/2011 11,191404
2774,21/11/2011 12,710428
2775,21/11/2011 13,277138
2776,21/11/2011 14,774361
2777,21/11/2011 15,672993
2778,21/11/2011 16,599466
2779,21/11/2011 17,118825
2780,22/11/2011 08,356161
2781,22/11/2011 09,545190
2782,22/11/2011 10,970173
2783,22/11/2011 11,707826
2784,22/11/2011 12,374293
2785,22/11/2011 13,757294
2786,22/11/2011 14,459027
2787,22/11/2011 15,1185959
2788,22/11/2011 16,515868
2789,22/11/2011 17,-6072
2790,23/11/2011 08,183330
2791,23/11/2011 09,188850
2792,23/11/2011 10,1465050
2793,23/11/2011 11,1432046
2794,23/11/2011 12,741368
2795,23/11/2011 13,1057708
2796,23/11/2011 14,438110
2797,23/11/2011 15,1295687
2798,23/11/2011 16,566476
2799,23/11/2011 17,88953
2800,24/11/2011 08,84059
2801,24/11/2011 09,1410346
2802,24/11/2011 10,434134
2803,24/11/2011 11,75539
2804,24/11/2011 12,669368
2805,24/11/2011 13,539694
2806,24/11/2011 14,278260
2807,24/11/2011 15,513408
2808,24/11/2011 16,203469
2809,24/11/2011 17,174442
2810,24/11/2011 18,73089
2811,24/11/2011 19,74597
2812,25/11/2011 08,194367
2813,25/11/2011 09,209888
2814,25/11/2011 10,329146
2815,25/11/2011 11,977714
2816,25/11/2011 12,434742
2817,25/11/2011 13,692429
2818,25/11/2011 14,638835
2819,25/11/2011 15,843763
2820,25/11/2011 16,485730
2821,25/11/2011 17,34879
2822,27/11/2011 10,36118
2823,27/11/2011 11,352268
2824,27/11/2011 12,377656
2825,27/11/2011 13,628426
2826,27/11/2011 14,154639
2827,27/11/2011 15,229222
2828,27/11/2011 16,171424
2829,28/11/2011 08,23195
2830,28/11/2011 09,289038
2831,28/11/2011 10,656272
2832,28/11/2011 11,430445
2833,28/11/2011 12,459626
2834,28/11/2011 13,673840
2835,28/11/2011 14,436562
2836,28/11/2011 15,1650664
2837,28/11/2011 16,366977
2838,28/11/2011 17,46374
2839,29/11/2011 08,125164
2840,29/11/2011 09,368454
2841,29/11/2011 10,596621
2842,29/11/2011 11,1199006
2843,29/11/2011 12,619729
2844,29/11/2011 13,626552
2845,29/11/2011 14,423680
2846,29/11/2011 15,1006577
2847,29/11/2011 16,1421176
2848,29/11/2011 17,149931
2849,29/11/2011 18,24880
2850,30/11/2011 08,345736
2851,30/11/2011 09,245814
2852,30/11/2011 10,606888
2853,30/11/2011 11,514197
2854,30/11/2011 12,485203
2855,30/11/2011 13,189192
2856,30/11/2011 14,1140083
2857,30/11/2011 15,1303516
2858,30/11/2011 16,488396
2859,30/11/2011 17,158295
2860,01/12/2011 08,93485
2861,01/12/2011 09,143267
2862,01/12/2011 10,370330
2863,01/12/2011 11,552543
2864,01/12/2011 12,366587
2865,01/12/2011 13,758283
2866,01/12/2011 14,449481
2867,01/12/2011 15,551778
2868,01/12/2011 16,1013525
2869,01/12/2011 17,234399
2870,01/12/2011 18,157222
2871,01/12/2011 19,144573
2872,02/12/2011 08,18876
2873,02/12/2011 09,143767
2874,02/12/2011 10,1063939
2875,02/12/2011 11,485968
2876,02/12/2011 12,673809
2877,02/12/2011 13,927314
2878,02/12/2011 14,336499
2879,02/12/2011 15,316220
2880,02/12/2011 16,1278367
2881,02/12/2011 17,133097
2882,04/12/2011 10,170056
2883,04/12/2011 11,284980
2884,04/12/2011 12,421701
2885,04/12/2011 13,339815
2886,04/12/2011 14,622525
2887,04/12/2011 15,322772
2888,04/12/2011 16,72474
2889,05/12/2011 08,93109
2890,05/12/2011 09,192799
2891,05/12/2011 10,282949
2892,05/12/2011 11,-427933
2893,05/12/2011 12,646689
2894,05/12/2011 13,943483
2895,05/12/2011 14,1402141
2896,05/12/2011 15,212786
2897,05/12/2011 16,406278
2898,05/12/2011 17,2381868
2899,06/12/2011 08,161997
2900,06/12/2011 09,509003
2901,06/12/2011 10,721815
2902,06/12/2011 11,337305
2903,06/12/2011 12,1090241
2904,06/12/2011 13,351619
2905,06/12/2011 14,301744
2906,06/12/2011 15,245805
2907,06/12/2011 16,1097446
2908,06/12/2011 17,147060
2909,07/12/2011 08,431170
2910,07/12/2011 09,229464
2911,07/12/2011 10,1273888
2912,07/12/2011 11,441013
2913,07/12/2011 12,1993196
2914,07/12/2011 13,412843
2915,07/12/2011 14,350013
2916,07/12/2011 15,1612674
2917,07/12/2011 16,214425
2918,07/12/2011 17,102302
2919,07/12/2011 18,0
2920,08/12/2011 08,45960
2921,08/12/2011 09,1743305
2922,08/12/2011 10,687313
2923,08/12/2011 11,800260
2924,08/12/2011 12,744106
2925,08/12/2011 13,443807
2926,08/12/2011 14,395551
2927,08/12/2011 15,456674
2928,08/12/2011 16,814974
2929,08/12/2011 17,84682
2930,08/12/2011 18,1241638
2931,08/12/2011 19,81247
2932,08/12/2011 20,6155
2933,09/12/2011 08,348365
2934,09/12/2011 09,300451
2935,09/12/2011 10,1903193
2936,09/12/2011 11,165987
2937,09/12/2011 12,390829
